1893724,025391f6de955621,1516662300871,42.08694651,-75.9658467,0,0.090000003576279,0
1893764,025391f6de955621,1516662306424,42.08694659,-75.96585025,0,0.019999999552965,0
1893804,025391f6de955621,1516662311975,42.08694426,-75.96584789,0,0.019999999552965,0
1893844,025391f6de955621,1516662317602,42.0869431,-75.96584389,0,0.0099999997764826,0
1893884,025391f6de955621,1516662323175,42.08694385,-75.96584441,0,0.0099999997764826,0
1893924,025391f6de955621,1516662328746,42.08694682,-75.96583875,0,0.070000000298023,0
1893964,025391f6de955621,1516662335092,42.08694882,-75.96584018,0,0.0099999997764826,0
1894004,025391f6de955621,1516662341504,42.0869508,-75.96585156,75.300003051758,0.26305893063545,0
1894044,025391f6de955621,1516662349283,42.0869442,-75.96586147,0,0.0099999997764826,0
1894084,025391f6de955621,1516662357121,42.08694323,-75.96586663,0,0.019999999552965,0
1894124,025391f6de955621,1516662364330,42.08693855,-75.96585193,0,0,0
1894164,025391f6de955621,1516662370551,42.08693745,-75.96584839,0,0.10000000149012,0
1894204,025391f6de955621,1516662377952,42.08694,-75.96583702,0,0.12999999523163,0
1894244,025391f6de955621,1516662384119,42.08694197,-75.96582233,0,0.23000000417233,0
1894284,025391f6de955621,1516662390701,42.08694034,-75.96581458,0,0.15000000596046,0
1894324,025391f6de955621,1516662397869,42.08694755,-75.96579682,0,0.18999999761581,0
1894364,025391f6de955621,1516662404172,42.08694963,-75.96580018,0,0.11999999731779,0
1894404,025391f6de955621,1516662411478,42.08694834,-75.96579379,0,0.079999998211861,0
1894444,025391f6de955621,1516662418162,42.08694551,-75.9657999,0,0.070000000298023,0
1894484,025391f6de955621,1516662425206,42.08694093,-75.96580591,0,0,0
1894524,025391f6de955621,1516662431923,42.08694844,-75.96580459,0,0.019999999552965,0
1894564,025391f6de955621,1516662439415,42.08695498,-75.9657874,0,0.019999999552965,0
1894604,025391f6de955621,1516662446000,42.08695575,-75.96578,0,0.079999998211861,0
1894644,025391f6de955621,1516662453262,42.08695189,-75.96578756,0,0.029999999329448,0
1894684,025391f6de955621,1516662459651,42.08695069,-75.96578698,0,0,0
1894724,025391f6de955621,1516662465700,42.08694927,-75.96579575,0,0,0
1894764,025391f6de955621,1516662473211,42.08696719,-75.9657379,60.900001525879,2.0700964927673,0
1894804,025391f6de955621,1516662479634,42.08701336,-75.9656839,42.099998474121,0.18248288333416,0
1894844,025391f6de955621,1516662486305,42.0870393,-75.96552854,73,3.2599999904633,0
1894884,025391f6de955621,1516662491923,42.08708512,-75.96532203,71.300003051758,4.8606586456299,0
1894924,025391f6de955621,1516662497542,42.0871914,-75.96494349,68.199996948242,5.5503244400024,0
1894964,025391f6de955621,1516662503151,42.08725657,-75.9647217,65.400001525879,2.7652306556702,0
1895004,025391f6de955621,1516662508672,42.08736368,-75.96444845,61.900001525879,6.0809950828552,0
1895044,025391f6de955621,1516662514299,42.08759103,-75.9639752,55.5,7.7750434875488,0
1895084,025391f6de955621,1516662519915,42.08775713,-75.96364811,51.400001525879,5.8721799850464,0
1895124,025391f6de955621,1516662525444,42.08794934,-75.96336895,46.900001525879,3.0747032165527,0
1895164,025391f6de955621,1516662531057,42.08809276,-75.96318706,45.099998474121,5.4907374382019,0
1895204,025391f6de955621,1516662536667,42.08837007,-75.96291987,26.299999237061,6.5801215171814,0
1895244,025391f6de955621,1516662542286,42.08870746,-75.96281089,3.0999999046326,6.5151901245117,0
1895284,025391f6de955621,1516662547872,42.08904147,-75.96289382,340,7.6626105308533,0
1895324,025391f6de955621,1516662553482,42.08936963,-75.96315367,315.79998779297,6.3700075149536,0
1895364,025391f6de955621,1516662559101,42.08951697,-75.96338594,302.10000610352,4.9899997711182,0
1895404,025391f6de955621,1516662564713,42.08964301,-75.96377211,284.10000610352,6.7200074195862,0
1895444,025391f6de955621,1516662570300,42.08968709,-75.96430696,272.5,7.8400573730469,0
1895484,025391f6de955621,1516662575864,42.08969488,-75.96471543,268,4.9714484214783,0
1895524,025391f6de955621,1516662581480,42.08968729,-75.96497817,264.60000610352,4.5458221435547,0
1895564,025391f6de955621,1516662587090,42.08965054,-75.96540536,259.60000610352,7.10071849823,0
1895604,025391f6de955621,1516662592706,42.08961483,-75.96575405,264.29998779297,1.6748731136322,0
1895644,025391f6de955621,1516662598324,42.08968743,-75.96595992,311.29998779297,5.417896270752,0
1895684,025391f6de955621,1516662603922,42.08998583,-75.96616446,333.20001220703,8.670783996582,0
1895724,025391f6de955621,1516662609532,42.09037729,-75.96653582,311.70001220703,9.3141288757324,0
1895764,025391f6de955621,1516662615141,42.09064,-75.96698823,309.79998779297,10.130074501038,0
1895804,025391f6de955621,1516662620626,42.09101022,-75.96754192,322.10000610352,9.606273651123,0
1895844,025391f6de955621,1516662626240,42.09146268,-75.96786157,339.79998779297,8.7279834747314,0
1895884,025391f6de955621,1516662631818,42.09179707,-75.96798349,350.39999389648,7.4169063568115,0
1895924,025391f6de955621,1516662637398,42.09233689,-75.96793608,11.10000038147,10.466193199158,0
1895964,025391f6de955621,1516662643006,42.09282248,-75.96776215,18.39999961853,11.630967140198,0
1896004,025391f6de955621,1516662648549,42.09347529,-75.96752002,14.800000190735,12.400580406189,0
1896044,025391f6de955621,1516662654105,42.09403275,-75.96736619,10.39999961853,12.130697250366,0
1896084,025391f6de955621,1516662659728,42.09462177,-75.96718234,8.3999996185303,10.140710830688,0
1896124,025391f6de955621,1516662665332,42.09510575,-75.96712668,4,7,0
1896164,025391f6de955621,1516662670949,42.0953194,-75.96695903,52.299999237061,5.4832925796509,0
1896204,025391f6de955621,1516662676530,42.09535409,-75.96637211,93.699996948242,10.720000267029,0
1896244,025391f6de955621,1516662682149,42.09532802,-75.96560194,92.099998474121,14.930656433105,0
1896284,025391f6de955621,1516662687743,42.09532712,-75.96441183,92.199996948242,16.950426101685,0
1896324,025391f6de955621,1516662693330,42.09527068,-75.96317003,92.599998474121,17.441793441772,0
1896364,025391f6de955621,1516662698952,42.09522249,-75.96210602,93.300003051758,17.627969741821,0
1896404,025391f6de955621,1516662704562,42.09518044,-75.96085514,93.5,17.286716461182,0
1896444,025391f6de955621,1516662710171,42.09510355,-75.95980977,97.5,17.1646900177,0
1896484,025391f6de955621,1516662715775,42.09491569,-75.95856002,104.30000305176,17.372947692871,0
1896524,025391f6de955621,1516662721374,42.09460871,-75.95732401,110.5,18.426254272461,0
1896564,025391f6de955621,1516662726989,42.09431441,-75.95628963,110.59999847412,18.8844165802,0
1896604,025391f6de955621,1516662732586,42.09395997,-75.95499184,110.40000152588,18.68546295166,0
1896644,025391f6de955621,1516662738205,42.09366513,-75.95399023,111.09999847412,16.760107040405,0
1896684,025391f6de955621,1516662743815,42.09335023,-75.95299448,110.69999694824,13.35000038147,0
1896724,025391f6de955621,1516662749423,42.09313128,-75.95225128,110.09999847412,8.4704790115356,0
1896764,025391f6de955621,1516662755045,42.09304557,-75.95192723,109.90000152588,3.5806841850281,0
1896804,025391f6de955621,1516662760658,42.09302462,-75.95183204,0,0.050000000745058,0
1896844,025391f6de955621,1516662766253,42.09299899,-75.95178263,110.30000305176,1.9112823009491,0
1896884,025391f6de955621,1516662771851,42.09294002,-75.95155342,110.40000152588,4.6010866165161,0
1896924,025391f6de955621,1516662777464,42.09277314,-75.95143063,188.69999694824,3.5503942966461,0
1896964,025391f6de955621,1516662783041,42.09249791,-75.95155133,200,7.308385848999,0
1897004,025391f6de955621,1516662788657,42.09219455,-75.95169011,199.69999694824,5.0666751861572,0
1897044,025391f6de955621,1516662794264,42.09204434,-75.95176381,200,0.18601074814796,0
1897084,025391f6de955621,1516662799861,42.09199349,-75.95179485,208.80000305176,3.4200584888458,0
1897124,025391f6de955621,1516662805472,42.09200155,-75.95210937,289.5,5.2421460151672,0
1897164,025391f6de955621,1516662811084,42.09207019,-75.9524057,291.10000610352,3.2612419128418,0
1897204,025391f6de955621,1516662816732,42.09210516,-75.95255259,290.5,2.5515875816345,0
1897244,025391f6de955621,1516662822268,42.09217077,-75.9528695,288.89999389648,6.3202848434448,0
1897284,025391f6de955621,1516662827877,42.09224765,-75.95318798,289.70001220703,3.700216293335,0
1897324,025391f6de955621,1516662833432,42.09228797,-75.95335182,288.60000610352,2.6119148731232,0
1897364,025391f6de955621,1516662839007,42.09233322,-75.9535554,288.5,3.3307356834412,0
1897404,025391f6de955621,1516662844592,42.09238405,-75.95370714,297.20001220703,2.3500211238861,0
1897444,025391f6de955621,1516662850146,42.09243858,-75.95384554,292.29998779297,1.950025677681,0
1897484,025391f6de955621,1516662855758,42.09244342,-75.95386293,0,0.019999999552965,0
1897524,025391f6de955621,1516662861309,42.09244421,-75.95387042,0,0.10000000149012,0
1897564,025391f6de955621,1516662866927,42.09244319,-75.95386723,0,0.15999999642372,0
1897604,025391f6de955621,1516662872538,42.0924441,-75.95386076,0,0.03999999910593,0
1897644,025391f6de955621,1516662878149,42.09244482,-75.95386423,0,0.059999998658895,0
1897684,025391f6de955621,1516662883760,42.09243928,-75.95385314,0,0.019999999552965,0
1897724,025391f6de955621,1516662889375,42.09244302,-75.95385603,0,0.050000000745058,0
1897764,025391f6de955621,1516662894995,42.09244542,-75.95386039,0,0,0
1897804,025391f6de955621,1516662900611,42.09245104,-75.95386202,0,0,0
1897844,025391f6de955621,1516662906200,42.09245653,-75.95386325,0,0.050000000745058,0
1897884,025391f6de955621,1516662911736,42.09245813,-75.95386703,0,0.029999999329448,0
1897924,025391f6de955621,1516662917355,42.09245513,-75.95386964,0,0.019999999552965,0
1897964,025391f6de955621,1516662922981,42.0924545,-75.95387258,0,0.079999998211861,0
1898004,025391f6de955621,1516662928601,42.09245227,-75.95386148,0,0.0099999997764826,0
1898044,025391f6de955621,1516662934219,42.09245282,-75.95386029,0,0.0099999997764826,0
1898084,025391f6de955621,1516662939821,42.09244894,-75.95393424,263.70001220703,2.011218547821,0
1898124,025391f6de955621,1516662945428,42.09247972,-75.954071,288.5,2.0900239944458,0
1898164,025391f6de955621,1516662951019,42.09253867,-75.95429131,290.29998779297,4.4987215995789,0
1898204,025391f6de955621,1516662956640,42.09258157,-75.95445439,290.5,0.18439088761806,0
1898244,025391f6de955621,1516662962204,42.09258409,-75.95444922,0,0.050000000745058,0
1898284,025391f6de955621,1516662967824,42.09259119,-75.9545001,289.60000610352,1.6943434476852,0
1898324,025391f6de955621,1516662973445,42.09260119,-75.95453888,289.20001220703,0.55542778968811,0
1898364,025391f6de955621,1516662979056,42.09258841,-75.9547034,239.10000610352,3.8000130653381,0
1898404,025391f6de955621,1516662984678,42.09230976,-75.95484141,196.80000305176,7.4103507995605,0
1898444,025391f6de955621,1516662990291,42.09190666,-75.95501084,197.60000610352,7.9998121261597,0
1898484,025391f6de955621,1516662995831,42.09152606,-75.95518533,199.10000610352,9.5142211914062,0
1898524,025391f6de955621,1516663001416,42.0910079,-75.95540504,196.80000305176,9.8322429656982,0
1898564,025391f6de955621,1516663007013,42.09061801,-75.95555883,191.10000610352,8.7366180419922,0
1898604,025391f6de955621,1516663012636,42.09012645,-75.95568024,188.80000305176,9.0834407806396,0
1898644,025391f6de955621,1516663018252,42.08964704,-75.95578746,189.89999389648,8.206241607666,0
1898684,025391f6de955621,1516663023837,42.08938446,-75.95585034,193.10000610352,3.4305248260498,0
1898724,025391f6de955621,1516663029456,42.0893437,-75.95586245,192.30000305176,0.21095022559166,0
1898764,025391f6de955621,1516663035074,42.08933495,-75.9558718,0,0.03999999910593,0
1898804,025391f6de955621,1516663040694,42.0893405,-75.95587642,0,0.059999998658895,0
1898844,025391f6de955621,1516663046316,42.08931458,-75.95588502,190.5,1.7801122665405,0
1898884,025391f6de955621,1516663051921,42.08910281,-75.95595501,196.30000305176,6.4013204574585,0
1898924,025391f6de955621,1516663057505,42.08872976,-75.95612668,200.69999694824,7.2205605506897,0
1898964,025391f6de955621,1516663063110,42.08844316,-75.95629569,201.10000610352,4.6367444992065,0
1899004,025391f6de955621,1516663068726,42.08834052,-75.95635125,200.69999694824,0.2039607912302,0
1899044,025391f6de955621,1516663074280,42.08833278,-75.95636872,0,0.070000000298023,0
1899084,025391f6de955621,1516663079881,42.08833906,-75.95635809,0,0.15000000596046,0
1899124,025391f6de955621,1516663085494,42.08831305,-75.95636608,201.10000610352,1.9126160144806,0
1899164,025391f6de955621,1516663091074,42.08816251,-75.95651459,231.30000305176,5.2744383811951,0
1899204,025391f6de955621,1516663096635,42.08801713,-75.95701607,257.70001220703,9.0931730270386,0
1899244,025391f6de955621,1516663102248,42.0880603,-75.95780407,285.70001220703,11.766800880432,0
1899284,025391f6de955621,1516663107870,42.08818671,-75.9584304,280.89999389648,10.073101997375,0
1899324,025391f6de955621,1516663113493,42.08824827,-75.95893399,281.20001220703,4.6438884735107,0
1899364,025391f6de955621,1516663119105,42.0882605,-75.95906842,274.70001220703,0.23430749773979,0
1899404,025391f6de955621,1516663124671,42.08820355,-75.95919984,225.10000610352,4.3126091957092,0
1899444,025391f6de955621,1516663130253,42.08784597,-75.95917174,174.19999694824,8.9860610961914,0
1899484,025391f6de955621,1516663135879,42.08737886,-75.95911037,174.39999389648,11.476293563843,0
1899524,025391f6de955621,1516663141434,42.08669984,-75.95902947,174.19999694824,12.827509880066,0
1899564,025391f6de955621,1516663147055,42.08609092,-75.95894003,170.10000610352,13.270991325378,0
1899604,025391f6de955621,1516663152648,42.08537659,-75.95871201,162.69999694824,13.616173744202,0
1899644,025391f6de955621,1516663158254,42.08467738,-75.95843015,163.60000610352,13.013458251953,0
1899684,025391f6de955621,1516663163868,42.08411219,-75.95830497,178.5,11.953049659729,0
1899724,025391f6de955621,1516663169455,42.08346904,-75.95836803,185.30000305176,11.795804977417,0
1899764,025391f6de955621,1516663175059,42.08295718,-75.95841649,184.39999389648,10.302140235901,0
1899804,025391f6de955621,1516663180681,42.0826071,-75.95849017,203.80000305176,4.6518168449402,0
1899844,025391f6de955621,1516663186287,42.08252462,-75.95888829,265.39999389648,7.3246159553528,0
1899884,025391f6de955621,1516663191908,42.08249189,-75.95934635,264.39999389648,6.2607989311218,0
1899924,025391f6de955621,1516663197530,42.08247108,-75.95950995,0,0.18000000715256,0
1899964,025391f6de955621,1516663203072,42.08249137,-75.95964042,293,3.8189525604248,0
1900004,025391f6de955621,1516663208644,42.08277217,-75.95973655,354.5,7.3692941665649,0
1900044,025391f6de955621,1516663214258,42.08316881,-75.95979756,348.79998779297,7.4632434844971,0
1900084,025391f6de955621,1516663219836,42.08344769,-75.96002454,311.29998779297,7.8136863708496,0
1900124,025391f6de955621,1516663225428,42.0835387,-75.96056231,266.60000610352,8.6627941131592,0
1900164,025391f6de955621,1516663230987,42.08350733,-75.96111449,265.70001220703,9.1923980712891,0
1900204,025391f6de955621,1516663236600,42.08354462,-75.96187286,278.79998779297,10.224402427673,0
1900244,025391f6de955621,1516663242199,42.08365101,-75.96249056,288.29998779297,10.320586204529,0
1900284,025391f6de955621,1516663247819,42.08389712,-75.96322566,300.60000610352,11.203498840332,0
1900324,025391f6de955621,1516663253375,42.0842852,-75.96388382,314.29998779297,11.718263626099,0
1900364,025391f6de955621,1516663258998,42.08470099,-75.96435299,323.5,12.126933097839,0
1900404,025391f6de955621,1516663264612,42.08521699,-75.96478824,333.10000610352,10.044187545776,0
1900444,025391f6de955621,1516663270191,42.08558523,-75.96500053,337.5,8.7778816223145,0
1900484,025391f6de955621,1516663275806,42.08597988,-75.96516704,347.29998779297,7.3151144981384,0
1900524,025391f6de955621,1516663281426,42.08638431,-75.96523926,356.70001220703,7.0125885009766,0
1900564,025391f6de955621,1516663286965,42.08664945,-75.96519815,13.60000038147,5.6901669502258,0
1900604,025391f6de955621,1516663292557,42.08690561,-75.96518797,341.60000610352,4.1887111663818,0
1900644,025391f6de955621,1516663298164,42.08700638,-75.96524341,340.60000610352,0.1746424883604,0
1900684,025391f6de955621,1516663303733,42.08701158,-75.9652451,0,0.019999999552965,0
1900724,025391f6de955621,1516663309345,42.08711046,-75.96535961,305.5,3.6519720554352,0
1900764,025391f6de955621,1516663314898,42.0870684,-75.96560048,251.89999389648,5.1731324195862,0
1900804,025391f6de955621,1516663320473,42.08698223,-75.96606482,259.10000610352,6.33078956604,0
1900844,025391f6de955621,1516663326084,42.08693766,-75.96634954,261,4.2204260826111,0
1900884,025391f6de955621,1516663331713,42.08690934,-75.96654337,260,3.0210592746735,0
1900924,025391f6de955621,1516663337331,42.08693111,-75.96686299,289.20001220703,4.2234225273132,0
1900964,025391f6de955621,1516663342940,42.0869649,-75.96706152,273.89999389648,1.5502902269363,0
1901004,025391f6de955621,1516663348534,42.0869663,-75.96708053,0,0.15000000596046,0
1901044,025391f6de955621,1516663354149,42.08696468,-75.96708341,0,0.17000000178814,0
1901084,025391f6de955621,1516663359717,42.08696379,-75.9670913,0,0.15000000596046,0
1901124,025391f6de955621,1516663365298,42.08696356,-75.96709384,0,0.14000000059605,0
1901164,025391f6de955621,1516663370909,42.08696238,-75.9670888,0,0.10000000149012,0
1901204,025391f6de955621,1516663376529,42.08696205,-75.96707068,0,0.10999999940395,0
1901244,025391f6de955621,1516663382020,42.08696475,-75.96706984,0,0.050000000745058,0
1901284,025391f6de955621,1516663387633,42.08696394,-75.96706931,0,0.0099999997764826,0
1901324,025391f6de955621,1516663393249,42.0869611,-75.96707956,0,0.03999999910593,0
1901364,025391f6de955621,1516663398846,42.08695978,-75.96710213,0,0.03999999910593,0
1901404,025391f6de955621,1516663404439,42.08696684,-75.96710406,0,0.11999999731779,0
1901444,025391f6de955621,1516663410062,42.08696829,-75.96708888,0,0.059999998658895,0
1901484,025391f6de955621,1516663415601,42.08696822,-75.96707657,0,0,0
1901524,025391f6de955621,1516663421192,42.08696775,-75.9670814,0,0.070000000298023,0
1901564,025391f6de955621,1516663426812,42.08696942,-75.96708874,0,0,0
1901604,025391f6de955621,1516663432395,42.08696668,-75.96709408,0,0.029999999329448,0
1901644,025391f6de955621,1516663437994,42.08696647,-75.96710487,0,0.029999999329448,0
1901684,025391f6de955621,1516663443560,42.08696901,-75.9671633,263.79998779297,1.2110327482224,0
1901724,025391f6de955621,1516663449090,42.08696007,-75.9671985,0,0.070000000298023,0
1901764,025391f6de955621,1516663455795,42.08696354,-75.96722721,0,0.029999999329448,0
1901804,025391f6de955621,1516663461418,42.08693594,-75.96730209,236.89999389648,1.5681835412979,0
1901844,025391f6de955621,1516663467008,42.08690974,-75.96732528,227.5,1.2938700914383,0
1901884,025391f6de955621,1516663472571,42.08686005,-75.96754081,267.70001220703,4.4664525985718,0
1901924,025391f6de955621,1516663479542,42.08687803,-75.96812299,272.5,8.5414981842041,0
1901964,025391f6de955621,1516663485149,42.0868903,-75.96857914,274.89999389648,6.0014081001282,0
1902004,025391f6de955621,1516663490731,42.08691112,-75.96880612,277,3.1426901817322,0
1902044,025391f6de955621,1516663496311,42.08695344,-75.96924952,279.60000610352,8.4639940261841,0
1902084,025391f6de955621,1516663501879,42.08704865,-75.96977925,282.70001220703,9.1317749023438,0
1902124,025391f6de955621,1516663507496,42.08714222,-75.97031069,285.89999389648,5.4400367736816,0
1902164,025391f6de955621,1516663513099,42.08721742,-75.97058712,289.79998779297,5.1500096321106,0
1902204,025391f6de955621,1516663518724,42.08734232,-75.97105428,293.60000610352,7.7037391662598,0
1902244,025391f6de955621,1516663524340,42.08747839,-75.97147784,295.39999389648,3.490916967392,0
1902284,025391f6de955621,1516663529965,42.0875101,-75.97158823,296,3.1005804538727,0
1902324,025391f6de955621,1516663535462,42.08765047,-75.97195749,301.39999389648,7.2001733779907,0
1902364,025391f6de955621,1516663541045,42.08786974,-75.97235213,311.60000610352,8.2103900909424,0
1902404,025391f6de955621,1516663546666,42.08808019,-75.97263071,317.10000610352,2.8392426967621,0
1902444,025391f6de955621,1516663552289,42.0882585,-75.97282264,323.39999389648,4.5768332481384,0
1902484,025391f6de955621,1516663557878,42.08829382,-75.9728551,0,0.20000000298023,0
1902524,025391f6de955621,1516663563387,42.08840657,-75.97292426,333.70001220703,5.0756773948669,0
1902564,025391f6de955621,1516663569014,42.08868027,-75.97299416,355.5,6.4184885025024,0
1902604,025391f6de955621,1516663574628,42.08913912,-75.97299941,4,9.7580986022949,0
1902644,025391f6de955621,1516663580210,42.08964897,-75.9729357,12.60000038147,11.277587890625,0
1902684,025391f6de955621,1516663585818,42.09011791,-75.97275564,17.89999961853,6.9762239456177,0
1902724,025391f6de955621,1516663591421,42.09038752,-75.97262588,8.1999998092651,4.6589694023132,0
1902764,025391f6de955621,1516663597004,42.09055732,-75.97284091,309.5,6.2906436920166,0
1902804,025391f6de955621,1516663602621,42.09085925,-75.97329325,317.39999389648,9.0212469100952,0
1902844,025391f6de955621,1516663608181,42.09118078,-75.97369974,319.79998779297,10.540232658386,0
1902884,025391f6de955621,1516663613797,42.0916769,-75.97416279,329.5,11.531109809875,0
1902924,025391f6de955621,1516663619412,42.09225346,-75.97452718,339.10000610352,12.082586288452,0
1902964,025391f6de955621,1516663624986,42.0927993,-75.97476449,344.89999389648,12.650478363037,0
1903004,025391f6de955621,1516663630601,42.09343618,-75.97497187,347.89999389648,12.090334892273,0
1903044,025391f6de955621,1516663636218,42.09385091,-75.97509316,343.89999389648,7.0415978431702,0
1903084,025391f6de955621,1516663641763,42.09403874,-75.97529998,312.10000610352,1.0100494623184,0
1903124,025391f6de955621,1516663647338,42.09408477,-75.97538072,308,3.5400564670563,0
1903164,025391f6de955621,1516663652951,42.09427281,-75.97536979,8.6999998092651,5.9308428764343,0
1903204,025391f6de955621,1516663658531,42.09476032,-75.97534478,357.10000610352,10.520385742188,0
1903244,025391f6de955621,1516663664140,42.09522757,-75.97537993,356.5,10.030019760132,0
1903284,025391f6de955621,1516663669751,42.09557451,-75.97535277,26.39999961853,5.0136017799377,0
1903324,025391f6de955621,1516663675337,42.09561856,-75.97479657,93.5,11.132587432861,0
1903364,025391f6de955621,1516663680934,42.09552743,-75.97405467,108.90000152588,13.080034255981,0
1903404,025391f6de955621,1516663686526,42.09510626,-75.97329832,139.39999389648,13.430238723755,0
1903444,025391f6de955621,1516663692065,42.09465784,-75.972767,136.89999389648,11.970417022705,0
1903484,025391f6de955621,1516663697681,42.09447397,-75.97207607,86.699996948242,10.450937271118,0
1903524,025391f6de955621,1516663703259,42.09479894,-75.97146748,27.200000762939,11.122176170349,0
1903564,025391f6de955621,1516663708768,42.09530983,-75.97138878,359.70001220703,12.403628349304,0
1903604,025391f6de955621,1516663714385,42.09606248,-75.97135278,2,15.012997627258,0
1903644,025391f6de955621,1516663720001,42.0967993,-75.97133058,2.4000000953674,16.610000610352,0
1903684,025391f6de955621,1516663725553,42.09769559,-75.97127317,2.4000000953674,16.271230697632,0
1903724,025391f6de955621,1516663731169,42.09843186,-75.97122138,3.0999999046326,16.420148849487,0
1903764,025391f6de955621,1516663736782,42.0993852,-75.97105077,10.699999809265,18.771942138672,0
1903804,025391f6de955621,1516663742318,42.10038255,-75.97072353,15.60000038147,19.883079528809,0
1903844,025391f6de955621,1516663747876,42.1012595,-75.97031442,20.89999961853,20.562646865845,0
1903884,025391f6de955621,1516663753426,42.1022712,-75.9697866,21.700000762939,20.180299758911,0
1903924,025391f6de955621,1516663759044,42.10313274,-75.96932645,21.700000762939,20.330797195435,0
1903964,025391f6de955621,1516663764595,42.10415612,-75.96878153,22,19.730363845825,0
1904004,025391f6de955621,1516663770198,42.10492849,-75.9683297,22.5,17.741016387939,0
1904044,025391f6de955621,1516663775815,42.10569817,-75.96788009,27,14.19050693512,0
1904084,025391f6de955621,1516663781436,42.10621051,-75.96731726,44.5,11.207719802856,0
1904124,025391f6de955621,1516663787026,42.10653952,-75.96685572,53.099998474121,9.4578008651733,0
1904164,025391f6de955621,1516663792625,42.1066224,-75.96636545,96.400001525879,6.2002015113831,0
1904204,025391f6de955621,1516663798219,42.10653225,-75.96599418,103,6.5414981842041,0
1904244,025391f6de955621,1516663803811,42.10667595,-75.96553049,69.900001525879,8.4005947113037,0
1904284,025391f6de955621,1516663809421,42.10679781,-75.96490305,78.599998474121,9.5987606048584,0
1904324,025391f6de955621,1516663815039,42.10689165,-75.964287,79.800003051758,10.322562217712,0
1904364,025391f6de955621,1516663820602,42.10697149,-75.96356927,81.400001525879,9.0300054550171,0
1904404,025391f6de955621,1516663826158,42.10702083,-75.96320729,81.400001525879,3.0500164031982,0
1904444,025391f6de955621,1516663831775,42.10703178,-75.96318269,81,0.20880614221096,0
1904484,025391f6de955621,1516663837358,42.10703505,-75.96317906,80.800003051758,0.48093658685684,0
1904524,025391f6de955621,1516663842950,42.10706444,-75.96295587,81.199996948242,6.7726655006409,0
1904564,025391f6de955621,1516663848572,42.10715035,-75.96230407,80.5,10.140124320984,0
1904604,025391f6de955621,1516663854154,42.10722329,-75.96169457,80.800003051758,10.090243339539,0
1904644,025391f6de955621,1516663859771,42.10729597,-75.96102548,81.199996948242,8.2729263305664,0
1904684,025391f6de955621,1516663865339,42.1073319,-75.96064019,80.099998474121,2.2437691688538,0
1904724,025391f6de955621,1516663870941,42.10733671,-75.96063761,0,0.03999999910593,0
1904764,025391f6de955621,1516663876561,42.10734354,-75.9605808,79.099998474121,2.8221445083618,0
1904804,025391f6de955621,1516663882171,42.10739439,-75.96021283,80.400001525879,8.4050035476685,0
1904844,025391f6de955621,1516663887760,42.10748528,-75.9594905,79,10.399741172791,0
1904884,025391f6de955621,1516663893373,42.10756909,-75.95879106,79.900001525879,8.2429361343384,0
1904924,025391f6de955621,1516663898993,42.10761216,-75.95845212,79.900001525879,2.8600175380707,0
1904964,025391f6de955621,1516663904561,42.10762006,-75.95840748,0,0.10999999940395,0
1905004,025391f6de955621,1516663910165,42.10761528,-75.95839945,0,0.090000003576279,0
1905044,025391f6de955621,1516663915749,42.1076242,-75.95833332,79.300003051758,2.9424479007721,0
1905084,025391f6de955621,1516663921364,42.10769939,-75.95780101,79.300003051758,10.004803657532,0
1905124,025391f6de955621,1516663926979,42.10778255,-75.95711483,80.099998474121,12.235595703125,0
1905164,025391f6de955621,1516663932605,42.10788166,-75.95635513,83.199996948242,7.1500282287598,0
1905204,025391f6de955621,1516663938226,42.10790614,-75.9561401,80.5,0.50635951757431,0
1905244,025391f6de955621,1516663943845,42.10790339,-75.9561264,0,0.10000000149012,0
1905284,025391f6de955621,1516663949469,42.10790543,-75.95609358,80.099998474121,1.9700254201889,0
1905324,025391f6de955621,1516663955085,42.10795212,-75.95580673,77.699996948242,7.0203490257263,0
1905364,025391f6de955621,1516663960708,42.10804812,-75.95514195,80.199996948242,10.610074996948,0
1905404,025391f6de955621,1516663966288,42.10815576,-75.95429477,77.599998474121,12.441028594971,0
1905444,025391f6de955621,1516663971896,42.10829046,-75.95355347,76.699996948242,12.479999542236,0
1905484,025391f6de955621,1516663977511,42.10842045,-75.9527902,78.099998474121,8.3728904724121,0
1905524,025391f6de955621,1516663983065,42.10848031,-75.9525122,76.099998474121,1.9643065929413,0
1905564,025391f6de955621,1516663988688,42.10847749,-75.95249678,76.199996948242,0.21633307635784,0
1905604,025391f6de955621,1516663994294,42.10847403,-75.95251014,0,0.029999999329448,0
1905644,025391f6de955621,1516663999735,42.10848568,-75.95246108,76.300003051758,2.5704863071442,0
1905684,025391f6de955621,1516664005354,42.10856096,-75.95199421,78.400001525879,9.2902631759644,0
1905724,025391f6de955621,1516664010967,42.10863479,-75.95139727,79.599998474121,9.7737302780151,0
1905764,025391f6de955621,1516664016446,42.10873265,-75.95068813,78.900001525879,10.214406013489,0
1905804,025391f6de955621,1516664022066,42.10883087,-75.950061,79.099998474121,10.752460479736,0
1905844,025391f6de955621,1516664027688,42.1089423,-75.94928273,78.300003051758,9.9602460861206,0
1905884,025391f6de955621,1516664033280,42.10901257,-75.94888004,76.400001525879,1.5299999713898,0
1905924,025391f6de955621,1516664038841,42.10901579,-75.94886872,0,0,0
1905964,025391f6de955621,1516664044449,42.1090138,-75.94887608,0,0.079999998211861,0
1906004,025391f6de955621,1516664050053,42.10903705,-75.94872477,76.5,3.6719613075256,0
1906044,025391f6de955621,1516664055659,42.10915738,-75.94820572,67.699996948242,8.8512716293335,0
1906084,025391f6de955621,1516664061248,42.10936756,-75.94757709,62.400001525879,10.700168609619,0
1906124,025391f6de955621,1516664066792,42.10958334,-75.94698792,63,10.80118560791,0
1906164,025391f6de955621,1516664072303,42.10985702,-75.94636173,55,9.6599998474121,0
1906204,025391f6de955621,1516664077928,42.11013543,-75.945928,40.599998474121,9.630747795105,0
1906244,025391f6de955621,1516664083524,42.11054899,-75.94552117,33.700000762939,9.0002717971802,0
1906284,025391f6de955621,1516664089152,42.11080808,-75.94530363,29.799999237061,4.5602741241455,0
1906324,025391f6de955621,1516664094738,42.11087362,-75.94524752,29.799999237061,0.19646883010864,0
1906364,025391f6de955621,1516664100351,42.11086981,-75.94524387,0,0.10000000149012,0
1906404,025391f6de955621,1516664105971,42.11087061,-75.94523967,29.5,0.44147479534149,0
1906444,025391f6de955621,1516664111569,42.11097965,-75.9451543,29.299999237061,2.0928926467896,0
1906484,025391f6de955621,1516664117184,42.11101156,-75.94513521,0,0.029999999329448,0
1906524,025391f6de955621,1516664122784,42.11101011,-75.94513597,0,0,0
1906564,025391f6de955621,1516664128393,42.11108586,-75.94507336,31.60000038147,3.6002221107483,0
1906604,025391f6de955621,1516664133984,42.11107092,-75.94485363,113.90000152588,4.4921817779541,0
1906644,025391f6de955621,1516664139601,42.11084914,-75.9443583,121.19999694824,9.7302513122559,0
1906684,025391f6de955621,1516664145174,42.11061936,-75.94380174,120.09999847412,11.152371406555,0
1906724,025391f6de955621,1516664150792,42.11028832,-75.94310318,123.80000305176,11.552494049072,0
1906764,025391f6de955621,1516664156404,42.10990986,-75.94244451,127.09999847412,11.490213394165,0
1906804,025391f6de955621,1516664162034,42.10963598,-75.94195757,127,7.6400065422058,0
1906844,025391f6de955621,1516664167591,42.10950279,-75.9417173,126.5,0.55009090900421,0
1906884,025391f6de955621,1516664173206,42.10950605,-75.94172825,126.59999847412,0.15132746100426,0
1906924,025391f6de955621,1516664178803,42.10950196,-75.94172468,0,0,0
1906964,025391f6de955621,1516664184426,42.10949201,-75.94170707,126.90000152588,0.18867962062359,0
1907004,025391f6de955621,1516664190048,42.10948384,-75.94169249,126.09999847412,1.7110522985458,0
1907044,025391f6de955621,1516664195658,42.10930324,-75.94134876,126,9.1804418563843,0
1907084,025391f6de955621,1516664201277,42.10895002,-75.94069556,126.19999694824,11.730835914612,0
1907124,025391f6de955621,1516664206891,42.10863131,-75.94011256,126.5,12.072799682617,0
1907164,025391f6de955621,1516664212454,42.1082418,-75.93940345,126.69999694824,12.012398719788,0
1907204,025391f6de955621,1516664218067,42.10793373,-75.93883672,126.09999847412,11.099125862122,0
1907244,025391f6de955621,1516664223656,42.10758286,-75.93819255,125.40000152588,10.554265022278,0
1907284,025391f6de955621,1516664229242,42.10721546,-75.93756976,127.59999847412,11.173764228821,0
1907324,025391f6de955621,1516664234863,42.10694501,-75.93710159,128.10000610352,7.5741271972656,0
1907364,025391f6de955621,1516664240458,42.10685031,-75.93693449,0,0.20999999344349,0
1907404,025391f6de955621,1516664246079,42.106854,-75.9369371,0,0.079999998211861,0
1907444,025391f6de955621,1516664251704,42.10685314,-75.93693948,0,0.0099999997764826,0
1907484,025391f6de955621,1516664257321,42.10675069,-75.93674359,125.5,6.2323188781738,0
1907524,025391f6de955621,1516664262900,42.10652281,-75.93633488,126.5,9.8248920440674,0
1907564,025391f6de955621,1516664268503,42.10614553,-75.93563843,126.19999694824,12.884226799011,0
1907604,025391f6de955621,1516664274109,42.10580381,-75.93502648,126.40000152588,12.594324111938,0
1907644,025391f6de955621,1516664279683,42.10546591,-75.93443603,132.80000305176,7.7843437194824,0
1907684,025391f6de955621,1516664285284,42.10536438,-75.93426508,0,0.050000000745058,0
1907724,025391f6de955621,1516664290883,42.10536247,-75.93426455,0,0.090000003576279,0
1907764,025391f6de955621,1516664296505,42.10534064,-75.9342227,125.19999694824,2.6989812850952,0
1907804,025391f6de955621,1516664302083,42.10518773,-75.93393524,124.69999694824,8.0417976379395,0
1907844,025391f6de955621,1516664307645,42.10489057,-75.93336272,125.40000152588,10.530683517456,0
1907884,025391f6de955621,1516664313274,42.10451925,-75.93268503,126,12.080148696899,0
1907924,025391f6de955621,1516664318885,42.1041903,-75.93209508,127.30000305176,11.900340080261,0
1907964,025391f6de955621,1516664324407,42.10382178,-75.93142639,126.5,11.110219955444,0
1908004,025391f6de955621,1516664330035,42.10352697,-75.93088848,126.5,11.040222167969,0
1908044,025391f6de955621,1516664335641,42.10317456,-75.9302494,126.5,11.112812042236,0
1908084,025391f6de955621,1516664341221,42.10288765,-75.92972915,126.69999694824,10.742053031921,0
1908124,025391f6de955621,1516664346843,42.10254427,-75.9291158,126.90000152588,10.31095123291,0
1908164,025391f6de955621,1516664352457,42.10228872,-75.92868927,130.5,4.2592134475708,0
1908204,025391f6de955621,1516664358007,42.10225944,-75.92863596,126,0.331209897995,0
1908244,025391f6de955621,1516664363625,42.10225973,-75.92863904,0,0.18999999761581,0
1908284,025391f6de955621,1516664369237,42.10223072,-75.92858734,123.59999847412,2.8306360244751,0
1908324,025391f6de955621,1516664374794,42.10205773,-75.92824824,125.59999847412,9.1102685928345,0
1908364,025391f6de955621,1516664380355,42.1017158,-75.92764905,128.19999694824,10.981315612793,0
1908404,025391f6de955621,1516664385962,42.1014235,-75.92712688,127.40000152588,10.800463676453,0
1908444,025391f6de955621,1516664391571,42.10107058,-75.92649358,126.5,11.370070457458,0
1908484,025391f6de955621,1516664397194,42.1007712,-75.92592388,124.59999847412,11.470070838928,0
1908524,025391f6de955621,1516664402810,42.10048653,-75.92527958,115.5,8.2510242462158,0
1908564,025391f6de955621,1516664408411,42.10040041,-75.92503473,0,0.0099999997764826,0
1908604,025391f6de955621,1516664414025,42.10040521,-75.92503613,0,0.03999999910593,0
1908644,025391f6de955621,1516664419657,42.1004093,-75.92504243,0,0.059999998658895,0
1908684,025391f6de955621,1516664425282,42.10040609,-75.92503427,112.69999694824,1.0024470090866,0
1908724,025391f6de955621,1516664430898,42.10035857,-75.92483207,107.40000152588,5.9827079772949,0
1908764,025391f6de955621,1516664436512,42.10019336,-75.92423971,112.69999694824,10.345264434814,0
1908804,025391f6de955621,1516664442109,42.09999207,-75.92361016,113,11.87094783783,0
1908844,025391f6de955621,1516664447713,42.0997677,-75.9228008,107.59999847412,11.921073913574,0
1908884,025391f6de955621,1516664453265,42.09961075,-75.92203657,105.59999847412,9.3401927947998,0
1908924,025391f6de955621,1516664458867,42.09950149,-75.92157645,106.59999847412,6.214635848999,0
1908964,025391f6de955621,1516664464455,42.09946073,-75.92135494,103.5,0.37999999523163,0
1909004,025391f6de955621,1516664470081,42.09946734,-75.921359,0,0.090000003576279,0
1909044,025391f6de955621,1516664475699,42.09946652,-75.92136141,0,0.050000000745058,0
1909084,025391f6de955621,1516664481316,42.09946425,-75.92136185,0,0.0099999997764826,0
1909124,025391f6de955621,1516664486928,42.09946138,-75.92136645,0,0,0
1909164,025391f6de955621,1516664492552,42.0994452,-75.92122664,94.900001525879,4.6000108718872,0
1909204,025391f6de955621,1516664498135,42.09937645,-75.92081739,105.59999847412,7.9601001739502,0
1909244,025391f6de955621,1516664503750,42.09927342,-75.92031375,106.09999847412,5.3920865058899,0
1909284,025391f6de955621,1516664509369,42.09920502,-75.91994569,104.40000152588,6.8401827812195,0
1909324,025391f6de955621,1516664514982,42.09909481,-75.91940923,104.09999847412,10.370814323425,0
1909364,025391f6de955621,1516664520594,42.09892597,-75.91866489,107.09999847412,8.9322395324707,0
1909404,025391f6de955621,1516664526209,42.09885061,-75.91830849,105.30000305176,3.4103665351868,0
1909444,025391f6de955621,1516664531736,42.09883805,-75.91825802,105.69999694824,0.15999999642372,0
1909484,025391f6de955621,1516664537327,42.09883875,-75.91826431,0,0.090000003576279,0
1909524,025391f6de955621,1516664542948,42.09883455,-75.91826992,0,0.050000000745058,0
1909564,025391f6de955621,1516664548501,42.09883094,-75.91826168,0,0.0099999997764826,0
1909604,025391f6de955621,1516664554133,42.09882985,-75.9182472,105.30000305176,0.19026297330856,0
1909644,025391f6de955621,1516664559749,42.0988367,-75.91824626,0,0.0099999997764826,0
1909684,025391f6de955621,1516664565322,42.09884178,-75.9181991,88.900001525879,2.2800877094269,0
1909724,025391f6de955621,1516664570928,42.0987918,-75.91789161,105.69999694824,7.3300065994263,0
1909764,025391f6de955621,1516664576538,42.09871213,-75.91730009,93.300003051758,8.4500942230225,0
1909804,025391f6de955621,1516664582151,42.09869956,-75.91676599,91.300003051758,8.9100217819214,0
1909844,025391f6de955621,1516664587768,42.09869274,-75.91612562,91.300003051758,9.342360496521,0
1909884,025391f6de955621,1516664593345,42.09867806,-75.91549864,95.599998474121,7.5758628845215,0
1909924,025391f6de955621,1516664598923,42.09863928,-75.91511166,93.599998474121,5.142810344696,0
1909964,025391f6de955621,1516664604535,42.09863795,-75.91486182,92.5,1.4171802997589,0
1910004,025391f6de955621,1516664610154,42.09863767,-75.91484548,0,0.10999999940395,0
1910044,025391f6de955621,1516664615751,42.09863347,-75.9147878,92.800003051758,3.0805842876434,0
1910084,025391f6de955621,1516664621366,42.09851074,-75.9147014,183.89999389648,3.5716943740845,0
1910124,025391f6de955621,1516664626982,42.09830995,-75.91478207,196.5,4.8102598190308,0
1910164,025391f6de955621,1516664632470,42.09818195,-75.91481459,0,0.18000000715256,0
1910204,025391f6de955621,1516664638083,42.09818212,-75.91480933,192.19999694824,0.17262676358223,0
1910244,025391f6de955621,1516664643691,42.09817865,-75.91480969,0,0,0
1910284,025391f6de955621,1516664649302,42.09808958,-75.91481144,183.69999694824,4.5700440406799,0
1910324,025391f6de955621,1516664654924,42.09779927,-75.91481117,171.5,7.3600068092346,0
1910364,025391f6de955621,1516664660544,42.09743902,-75.91453163,128.89999389648,7.956437587738,0
1910404,025391f6de955621,1516664666135,42.09731334,-75.91415666,105,5.8976349830627,0
1910444,025391f6de955621,1516664671712,42.09727335,-75.91394701,0,0.15000000596046,0
1910484,025391f6de955621,1516664677325,42.09727017,-75.913946,0,0.03999999910593,0
1910524,025391f6de955621,1516664682943,42.09726964,-75.91393955,99.699996948242,0.60074955224991,0
1910564,025391f6de955621,1516664688547,42.09719303,-75.91382006,139.89999389648,2.2472205162048,0
1910604,025391f6de955621,1516664694119,42.0970347,-75.91383984,187.39999389648,5.5283451080322,0
1910644,025391f6de955621,1516664699746,42.09656396,-75.9139267,188.10000610352,10.440138816833,0
1910684,025391f6de955621,1516664705359,42.09599909,-75.91409819,193.5,9.6592807769775,0
1910724,025391f6de955621,1516664710948,42.09571407,-75.9141907,190.80000305176,3.5003571510315,0
1910764,025391f6de955621,1516664716529,42.09565129,-75.9142153,0,0.15999999642372,0
1910804,025391f6de955621,1516664722107,42.09564666,-75.91421739,0,0,0
1910844,025391f6de955621,1516664727711,42.09563957,-75.91421756,0,0.019999999552965,0
1910884,025391f6de955621,1516664733239,42.09563603,-75.9142193,0,0.019999999552965,0
1910924,025391f6de955621,1516664738819,42.09563219,-75.91422112,0,0.0099999997764826,0
1910964,025391f6de955621,1516664744354,42.09563045,-75.914227,0,0.03999999910593,0
1911004,025391f6de955621,1516664749977,42.0956255,-75.91422884,0,0.059999998658895,0
1911044,025391f6de955621,1516664755554,42.09562613,-75.9142323,0,0,0
1911084,025391f6de955621,1516664761122,42.09556264,-75.91424646,187.60000610352,3.3038763999939,0
1911124,025391f6de955621,1516664766724,42.09528879,-75.91431047,190.80000305176,5.6822528839111,0
1911164,025391f6de955621,1516664772344,42.09492321,-75.91440852,189.5,7.9510626792908,0
1911204,025391f6de955621,1516664777921,42.09452124,-75.91451936,191.5,9.950722694397,0
1911244,025391f6de955621,1516664783532,42.09401214,-75.91465867,192.19999694824,8.5800523757935,0
1911284,025391f6de955621,1516664789144,42.09374034,-75.91476214,200.5,5.0039982795715,0
1911324,025391f6de955621,1516664794725,42.0936366,-75.9148054,195.10000610352,0.18027757108212,0
1911364,025391f6de955621,1516664800334,42.09363075,-75.91480427,0,0.0099999997764826,0
1911404,025391f6de955621,1516664805962,42.09361772,-75.91480975,194.39999389648,1.5701274871826,0
1911444,025391f6de955621,1516664811517,42.09348611,-75.91503132,253.5,5.6200799942017,0
1911484,025391f6de955621,1516664817139,42.09341053,-75.91556621,259.89999389648,10.883602142334,0
1911524,025391f6de955621,1516664822757,42.09331653,-75.91637457,261.39999389648,11.3777551651,0
1911564,025391f6de955621,1516664828352,42.09321853,-75.91722546,261.20001220703,12.200016021729,0
1911604,025391f6de955621,1516664833966,42.09313383,-75.91796433,261.60000610352,12.440035820007,0
1911644,025391f6de955621,1516664839556,42.09303829,-75.91881564,261.70001220703,10.55835723877,0
1911684,025391f6de955621,1516664845180,42.09300526,-75.91925958,271.89999389648,4.7215251922607,0
1911724,025391f6de955621,1516664850779,42.09320193,-75.91935518,7.6999998092651,5.6202220916748,0
1911764,025391f6de955621,1516664856375,42.09364197,-75.9192171,13.699999809265,10.401922225952,0
1911804,025391f6de955621,1516664861975,42.09407929,-75.91907643,13.800000190735,9.4310398101807,0
1911844,025391f6de955621,1516664867588,42.09447583,-75.91894394,12.699999809265,5.2406101226807,0
1911884,025391f6de955621,1516664873168,42.09465807,-75.91888778,13.300000190735,3.9900126457214,0
1911924,025391f6de955621,1516664878774,42.09491186,-75.91885972,346.70001220703,5.0700888633728,0
1911964,025391f6de955621,1516664884381,42.0950536,-75.91924209,283.39999389648,7.4464554786682,0
1912004,025391f6de955621,1516664889888,42.09511711,-75.91974811,282.20001220703,9.1449222564697,0
1912044,025391f6de955621,1516664895481,42.09526098,-75.92042485,283.70001220703,8.5202121734619,0
1912084,025391f6de955621,1516664901104,42.09533598,-75.92080548,284.20001220703,4.6805233955383,0
1912124,025391f6de955621,1516664906684,42.09536763,-75.92092446,0,0.029999999329448,0
1912164,025391f6de955621,1516664912302,42.09539847,-75.92110366,283.70001220703,5.890212059021,0
1912204,025391f6de955621,1516664917924,42.09545344,-75.92159746,273.89999389648,9.3538980484009,0
1912244,025391f6de955621,1516664923421,42.0955118,-75.92227592,277.39999389648,8.4531297683716,0
1912284,025391f6de955621,1516664929036,42.09554633,-75.92258934,275.70001220703,2.5504901409149,0
1912324,025391f6de955621,1516664934628,42.09555146,-75.92262723,0,0.03999999910593,0
1912364,025391f6de955621,1516664940219,42.09555408,-75.92262821,0,0,0
1912404,025391f6de955621,1516664945819,42.09555162,-75.92266644,266.89999389648,1.9425756931305,0
1912444,025391f6de955621,1516664951427,42.09557405,-75.92296835,280.89999389648,6.2700319290161,0
1912484,025391f6de955621,1516664957056,42.09561918,-75.92348128,274.89999389648,9.4704284667969,0
1912524,025391f6de955621,1516664962686,42.09566244,-75.92418626,275.89999389648,9.9229030609131,0
1912564,025391f6de955621,1516664968301,42.0957137,-75.92487617,276.5,9.1724042892456,0
1912604,025391f6de955621,1516664973888,42.09574554,-75.92535828,275.60000610352,6.4204983711243,0
1912644,025391f6de955621,1516664979492,42.09577598,-75.92557789,278.79998779297,0.51623636484146,0
1912684,025391f6de955621,1516664985100,42.09579422,-75.92575552,274.20001220703,5.4094734191895,0
1912724,025391f6de955621,1516664990698,42.09577766,-75.9262115,266.70001220703,5.9899997711182,0
1912764,025391f6de955621,1516664996325,42.09576075,-75.9265144,266.60000610352,0.89944422245026,0
1912804,025391f6de955621,1516665001887,42.09576331,-75.92652137,0,0.070000000298023,0
1912844,025391f6de955621,1516665007506,42.09576106,-75.92652628,0,0.03999999910593,0
1912884,025391f6de955621,1516665013111,42.09576234,-75.92653255,0,0.11999999731779,0
1912924,025391f6de955621,1516665018739,42.09576396,-75.92653919,0,0.079999998211861,0
1912964,025391f6de955621,1516665024355,42.09576599,-75.92654359,0,0.10999999940395,0
1913004,025391f6de955621,1516665029974,42.09576552,-75.92654546,0,0.019999999552965,0
1913044,025391f6de955621,1516665035517,42.09576331,-75.92654387,0,0.03999999910593,0
1913084,025391f6de955621,1516665041138,42.09576238,-75.92656323,266.89999389648,1.8022485971451,0
1913124,025391f6de955621,1516665046763,42.09574953,-75.92696751,265.5,8.3902921676636,0
1913164,025391f6de955621,1516665052278,42.09570741,-75.92773055,266.39999389648,11.580039024353,0
1913204,025391f6de955621,1516665057890,42.09566648,-75.92846266,265.10000610352,12.09218788147,0
1913244,025391f6de955621,1516665063505,42.0956154,-75.92938884,265.60000610352,12.471768379211,0
1913284,025391f6de955621,1516665069124,42.09557552,-75.93005198,265.70001220703,8.9798278808594,0
1913324,025391f6de955621,1516665074746,42.09556086,-75.93051543,266.60000610352,2.7871849536896,0
1913364,025391f6de955621,1516665080371,42.09555757,-75.93053561,266.60000610352,0.20615527033806,0
1913404,025391f6de955621,1516665085946,42.09555732,-75.93054196,0,0.03999999910593,0
1913444,025391f6de955621,1516665091562,42.09554381,-75.93077392,265.5,6.7605991363525,0
1913484,025391f6de955621,1516665097142,42.0955078,-75.93131581,265.10000610352,10.02031993866,0
1913524,025391f6de955621,1516665102756,42.09547367,-75.93204291,267.89999389648,10.270005226135,0
1913564,025391f6de955621,1516665108387,42.09546062,-75.93273056,266.79998779297,7.6804165840149,0
1913604,025391f6de955621,1516665114011,42.09543964,-75.93308474,265.89999389648,4.2101902961731,0
1913644,025391f6de955621,1516665119564,42.0954274,-75.93354862,269.60000610352,8.2708711624146,0
1913684,025391f6de955621,1516665125177,42.09539973,-75.93405785,265.89999389648,8.0018062591553,0
1913724,025391f6de955621,1516665130800,42.09537262,-75.93447477,266.10000610352,3.0710422992706,0
1913764,025391f6de955621,1516665136354,42.09537034,-75.93453646,265.79998779297,1.0407689809799,0
1913804,025391f6de955621,1516665141967,42.09529703,-75.93466457,214.19999694824,3.490128993988,0
1913844,025391f6de955621,1516665147557,42.09491169,-75.93460984,175.69999694824,9.3807678222656,0
1913884,025391f6de955621,1516665153165,42.094391,-75.93456616,174.39999389648,11.800106048584,0
1913924,025391f6de955621,1516665158775,42.09377184,-75.93448193,173.30000305176,11.010890007019,0
1913964,025391f6de955621,1516665164387,42.09321705,-75.9344204,175.30000305176,9.8318357467651,0
1914004,025391f6de955621,1516665170011,42.09281721,-75.9343611,172.39999389648,6.1012296676636,0
1914044,025391f6de955621,1516665175632,42.09261966,-75.9343404,175.5,0.9802041053772,0
1914084,025391f6de955621,1516665181193,42.09259939,-75.93434347,0,0.03999999910593,0
1914124,025391f6de955621,1516665186812,42.0925961,-75.93434799,0,0,0
1914164,025391f6de955621,1516665192439,42.09249043,-75.93439896,214.39999389648,2.6132354736328,0
1914204,025391f6de955621,1516665198059,42.09249846,-75.93456086,282.60000610352,4.1600480079651,0
1914244,025391f6de955621,1516665203691,42.09260728,-75.93513966,285.20001220703,10.010004997253,0
1914284,025391f6de955621,1516665209316,42.09275303,-75.93589025,285.70001220703,11.200361251831,0
1914324,025391f6de955621,1516665214854,42.0929068,-75.93645954,293,8.6101446151733,0
1914364,025391f6de955621,1516665220476,42.09299867,-75.93676011,293.39999389648,0.68066143989563,0
1914404,025391f6de955621,1516665226025,42.09300295,-75.93676137,0,0.070000000298023,0
1914444,025391f6de955621,1516665231638,42.09300301,-75.93675616,0,0,0
1914484,025391f6de955621,1516665237196,42.093003,-75.93676567,293.20001220703,1.2400000095367,0
1914524,025391f6de955621,1516665242811,42.09311983,-75.93713512,290.70001220703,8.690465927124,0
1914564,025391f6de955621,1516665248391,42.09334268,-75.93787641,292.89999389648,12.843052864075,0
1914604,025391f6de955621,1516665253993,42.09358931,-75.93865259,293.60000610352,14.540085792542,0
1914644,025391f6de955621,1516665259613,42.09394847,-75.93963952,298.29998779297,15.040013313293,0
1914684,025391f6de955621,1516665265208,42.09425961,-75.94042787,298.5,14.370222091675,0
1914724,025391f6de955621,1516665270823,42.09463347,-75.94131864,298.60000610352,13.522899627686,0
1914764,025391f6de955621,1516665276440,42.09494674,-75.94217904,294.60000610352,12.735670089722,0
1914804,025391f6de955621,1516665282058,42.09517337,-75.94288284,293,13.100095748901,0
1914844,025391f6de955621,1516665287665,42.09546847,-75.94380298,292.60000610352,14.017549514771,0
1914884,025391f6de955621,1516665293286,42.09577529,-75.94474511,294.10000610352,14.075684547424,0
1914924,025391f6de955621,1516665298906,42.09608728,-75.94546458,305.29998779297,13.482907295227,0
1914964,025391f6de955621,1516665304486,42.09650234,-75.94624514,305.29998779297,12.652249336243,0
1915004,025391f6de955621,1516665310080,42.09682051,-75.94685243,306.5,12.265679359436,0
1915044,025391f6de955621,1516665315697,42.09720501,-75.94755462,306.20001220703,11.932967185974,0
1915084,025391f6de955621,1516665321289,42.09760048,-75.94825824,306.39999389648,11.776527404785,0
1915124,025391f6de955621,1516665326845,42.09793171,-75.94883829,306.89999389648,11.872745513916,0
1915164,025391f6de955621,1516665332428,42.09826877,-75.9495452,296.5,11.363960266113,0
1915204,025391f6de955621,1516665338007,42.09846147,-75.95015151,293.10000610352,10.720564842224,0
1915244,025391f6de955621,1516665343544,42.09870578,-75.9508943,293.5,11.510352134705,0
1915284,025391f6de955621,1516665349131,42.09889267,-75.95151354,290,10.631359100342,0
1915324,025391f6de955621,1516665354748,42.09904923,-75.95223631,282.5,10.062629699707,0
1915364,025391f6de955621,1516665360375,42.09915438,-75.95297886,280,11.508370399475,0
1915404,025391f6de955621,1516665365994,42.09925919,-75.95372522,280.39999389648,12.830097198486,0
1915444,025391f6de955621,1516665371616,42.09937494,-75.9545722,280.39999389648,10.66574382782,0
1915484,025391f6de955621,1516665377226,42.09945034,-75.95514258,279.89999389648,9.4221229553223,0
1915524,025391f6de955621,1516665382842,42.09955128,-75.95583719,280.60000610352,9.5102577209473,0
1915564,025391f6de955621,1516665388450,42.09965304,-75.95647935,283.20001220703,9.8016529083252,0
1915604,025391f6de955621,1516665394008,42.09975399,-75.95711165,281.20001220703,11.368908882141,0
1915644,025391f6de955621,1516665399626,42.09993013,-75.95793971,293.39999389648,11.831323623657,0
1915684,025391f6de955621,1516665405241,42.10032941,-75.95861766,313.29998779297,12.500179290771,0
1915724,025391f6de955621,1516665410868,42.10072212,-75.95918617,313.5,12.890005111694,0
1915764,025391f6de955621,1516665416491,42.10118538,-75.95985646,313.29998779297,12.701483726501,0
1915804,025391f6de955621,1516665422098,42.10155186,-75.96037889,313.79998779297,11.400279998779,0
1915844,025391f6de955621,1516665427653,42.10194956,-75.9609603,313,9.5592317581177,0
1915884,025391f6de955621,1516665433244,42.10219728,-75.9612921,313.70001220703,2.1068696975708,0
1915924,025391f6de955621,1516665438865,42.10220437,-75.96130706,313.5,0.2483948469162,0
1915964,025391f6de955621,1516665444351,42.10219803,-75.96129899,0,0.059999998658895,0
1916004,025391f6de955621,1516665449971,42.10223533,-75.96135938,312.89999389648,3.8900516033173,0
1916044,025391f6de955621,1516665455555,42.10252117,-75.9617504,314.89999389648,9.9122247695923,0
1916084,025391f6de955621,1516665461141,42.10287746,-75.9621995,318.79998779297,11.493166923523,0
1916124,025391f6de955621,1516665466721,42.10340262,-75.96281019,319,13.700616836548,0
1916164,025391f6de955621,1516665472310,42.1039751,-75.96348875,318.5,14.260687828064,0
1916204,025391f6de955621,1516665477899,42.10445912,-75.96404807,318.79998779297,14.725708961487,0
1916244,025391f6de955621,1516665483512,42.10507177,-75.96476074,319.89999389648,15.120558738708,0
1916284,025391f6de955621,1516665489051,42.10557556,-75.96530165,321.29998779297,13.362728118896,0
1916324,025391f6de955621,1516665494668,42.10610486,-75.96582664,334.39999389648,10.080004692078,0
1916364,025391f6de955621,1516665500281,42.10652631,-75.96588118,13.699999809265,7.5806593894958,0
1916404,025391f6de955621,1516665505893,42.10684215,-75.96573978,6,7.4800601005554,0
1916444,025391f6de955621,1516665511513,42.10699868,-75.96609972,259.70001220703,6.6500678062439,0
1916484,025391f6de955621,1516665517125,42.10685004,-75.96653513,256.79998779297,9.0306692123413,0
1916524,025391f6de955621,1516665522735,42.10670419,-75.96736713,248,13.80800151825,0
1916564,025391f6de955621,1516665528361,42.10617602,-75.96805458,200.60000610352,14.065689086914,0
1916604,025391f6de955621,1516665533966,42.10555555,-75.96831848,196.89999389648,15.450323104858,0
1916644,025391f6de955621,1516665539585,42.10469004,-75.96869833,198.89999389648,17.513700485229,0
1916684,025391f6de955621,1516665545182,42.10391375,-75.96906338,198.69999694824,18.410531997681,0
1916724,025391f6de955621,1516665550744,42.10298654,-75.96954819,201.39999389648,18.730772018433,0
1916764,025391f6de955621,1516665556282,42.10202261,-75.970054,200.89999389648,19.711713790894,0
1916804,025391f6de955621,1516665561895,42.10119498,-75.97050288,201.60000610352,19.816562652588,0
1916844,025391f6de955621,1516665567503,42.10015327,-75.97093699,194.10000610352,20.37433052063,0
1916884,025391f6de955621,1516665573088,42.09926175,-75.97117435,188.80000305176,20.101554870605,0
1916924,025391f6de955621,1516665578661,42.0981859,-75.9713223,182.69999694824,20.232078552246,0
1916964,025391f6de955621,1516665584268,42.09710708,-75.97139691,183.19999694824,19.862266540527,0
1917004,025391f6de955621,1516665589872,42.09627329,-75.97146136,183.60000610352,16.991424560547,0
1917044,025391f6de955621,1516665595464,42.09544321,-75.97151715,183,14.210014343262,0
1917084,025391f6de955621,1516665601054,42.09493125,-75.97158777,192.39999389648,9.1459560394287,0
1917124,025391f6de955621,1516665606625,42.09462492,-75.97206959,256.10000610352,9.5615587234497,0
1917164,025391f6de955621,1516665612237,42.09473281,-75.97262483,309.20001220703,9.84983253479,0
1917204,025391f6de955621,1516665617800,42.0951772,-75.97281861,16.60000038147,8.7074451446533,0
1917244,025391f6de955621,1516665623391,42.09552107,-75.97228435,84.800003051758,9.5960254669189,0
1917284,025391f6de955621,1516665629014,42.09551586,-75.97156078,93.400001525879,14.362729072571,0
1917324,025391f6de955621,1516665634591,42.09548242,-75.97041514,92.800003051758,16.642526626587,0
1917364,025391f6de955621,1516665640201,42.09543388,-75.96941102,93.400001525879,16.561460494995,0
1917404,025391f6de955621,1516665645803,42.0953895,-75.96833933,93.199996948242,12.631916046143,0
1917444,025391f6de955621,1516665651387,42.09535263,-75.96762689,97.900001525879,6.6943035125732,0
1917484,025391f6de955621,1516665656976,42.09517768,-75.96735512,158.89999389648,6.3617687225342,0
1917524,025391f6de955621,1516665662571,42.09474216,-75.96737465,185.30000305176,9.9600048065186,0
1917564,025391f6de955621,1516665668198,42.09429398,-75.96743646,188.69999694824,11.212359428406,0
1917604,025391f6de955621,1516665673785,42.09374075,-75.96757539,193.10000610352,10.965271949768,0
1917644,025391f6de955621,1516665679404,42.09315258,-75.96779618,198.5,11.252021789551,0
1917684,025391f6de955621,1516665684984,42.09272291,-75.96802648,206.80000305176,9.5258913040161,0
1917724,025391f6de955621,1516665690595,42.09233381,-75.96840032,220.60000610352,8.7296333312988,0
1917764,025391f6de955621,1516665696198,42.09205866,-75.96879375,232.10000610352,9.141975402832,0
1917804,025391f6de955621,1516665701826,42.09176201,-75.9693998,243.89999389648,10.497623443604,0
1917844,025391f6de955621,1516665707447,42.09159026,-75.97010897,256.20001220703,10.211586952209,0
1917884,025391f6de955621,1516665713066,42.09145997,-75.97071765,250.10000610352,10.825986862183,0
1917924,025391f6de955621,1516665718668,42.09122383,-75.97142283,243.80000305176,10.730377197266,0
1917964,025391f6de955621,1516665724288,42.09092794,-75.97209811,234.89999389648,11.072388648987,0
1918004,025391f6de955621,1516665729898,42.09058726,-75.97257608,218.60000610352,10.697858810425,0
1918044,025391f6de955621,1516665735509,42.09014625,-75.97292191,201.39999389648,8.9308452606201,0
1918084,025391f6de955621,1516665741089,42.08977009,-75.97308691,193,8.879469871521,0
1918124,025391f6de955621,1516665746709,42.08927925,-75.97312817,178.30000305176,7.6127262115479,0
1918164,025391f6de955621,1516665752300,42.08901253,-75.97319702,194.5,3.6103460788727,0
1918204,025391f6de955621,1516665757917,42.0888424,-75.97316719,168.80000305176,4.3982949256897,0
1918244,025391f6de955621,1516665763477,42.08873975,-75.97315275,0,0.019999999552965,0
1918284,025391f6de955621,1516665769077,42.08874509,-75.97315265,0,0.019999999552965,0
1918324,025391f6de955621,1516665774699,42.08874053,-75.97314694,0,0,0
1918364,025391f6de955621,1516665780261,42.08874241,-75.97315402,0,0,0
1918404,025391f6de955621,1516665785851,42.08869904,-75.97313439,161.60000610352,1.7304624319077,0
1918444,025391f6de955621,1516665791476,42.08864067,-75.97310123,151.19999694824,2.7106640338898,0
1918484,025391f6de955621,1516665797112,42.08843903,-75.97296951,151.69999694824,6.2302007675171,0
1918524,025391f6de955621,1516665802664,42.08818059,-75.97272451,138.10000610352,5.8898220062256,0
1918564,025391f6de955621,1516665808282,42.08805786,-75.97257951,135.10000610352,0.41773197054863,0
1918604,025391f6de955621,1516665813925,42.0879882,-75.97248346,132.69999694824,4.4844622612,0
1918644,025391f6de955621,1516665819540,42.08777668,-75.97213768,126.69999694824,7.1633791923523,0
1918684,025391f6de955621,1516665825168,42.08764155,-75.97184321,118.40000152588,5.0003600120544,0
1918724,025391f6de955621,1516665830759,42.08750273,-75.97147671,115.19999694824,6.7614498138428,0
1918764,025391f6de955621,1516665836339,42.08734178,-75.97099359,113,6.8426384925842,0
1918804,025391f6de955621,1516665841955,42.08724206,-75.97064967,107.09999847412,5.2707686424255,0
