4017844,024a0c2d305eb3cc,1516887904458,42.08693712,-75.96725666,0,0,0
4017884,024a0c2d305eb3cc,1516887910072,42.08693702,-75.96725663,0,0,0
4017924,024a0c2d305eb3cc,1516887915715,42.08693689,-75.96725637,0,0,0
4017964,024a0c2d305eb3cc,1516887921329,42.08693691,-75.9672561,0,0,0
4018104,024a0c2d305eb3cc,1516887926942,42.08693688,-75.96725594,0,0,0
4018144,024a0c2d305eb3cc,1516887932565,42.08693686,-75.96725581,0,0,0
4018184,024a0c2d305eb3cc,1516887938163,42.08693712,-75.96725591,0,0,0
4018224,024a0c2d305eb3cc,1516887943835,42.08693718,-75.96725599,0,0,0
4018264,024a0c2d305eb3cc,1516887949467,42.08693718,-75.96725604,0,0,0
4018404,024a0c2d305eb3cc,1516887955063,42.08693728,-75.96725606,0,0,0
4018444,024a0c2d305eb3cc,1516887960709,42.08688464,-75.9673413,225.89999389648,3.316654920578,0
4018484,024a0c2d305eb3cc,1516887966347,42.08685995,-75.96785662,270.39999389648,7.4500064849854,0
4018524,024a0c2d305eb3cc,1516887971891,42.08693714,-75.96838867,273.60000610352,10.180005073547,0
4018564,024a0c2d305eb3cc,1516887977492,42.08699564,-75.96920055,279.29998779297,12.121191978455,0
4018704,024a0c2d305eb3cc,1516887983127,42.0871155,-75.96999517,284.29998779297,10.583193778992,0
4018744,024a0c2d305eb3cc,1516887988686,42.08723021,-75.97053037,287.29998779297,8.0699996948242,0
4018784,024a0c2d305eb3cc,1516887994320,42.08739641,-75.97109083,292.29998779297,8.3002948760986,0
4018824,024a0c2d305eb3cc,1516887999946,42.08753886,-75.97146853,296.29998779297,6.5519542694092,0
4018864,024a0c2d305eb3cc,1516888005545,42.08770708,-75.97192684,300.5,7.5200066566467,0
4018904,024a0c2d305eb3cc,1516888011124,42.08799371,-75.97242632,312.29998779297,9.331371307373,0
4018944,024a0c2d305eb3cc,1516888016625,42.0883321,-75.97283918,323.89999389648,10.461075782776,0
4019084,024a0c2d305eb3cc,1516888022181,42.088904,-75.97300273,352.89999389648,10.380693435669,0
4019124,024a0c2d305eb3cc,1516888027640,42.08940913,-75.97300024,5.4000000953674,12.110102653503,0
4019164,024a0c2d305eb3cc,1516888033253,42.09001005,-75.97284142,14.199999809265,10.624523162842,0
4019204,024a0c2d305eb3cc,1516888038820,42.09035431,-75.97266501,21.799999237061,5.8137941360474,0
4019244,024a0c2d305eb3cc,1516888044345,42.09069522,-75.97300924,308.60000610352,10.440004348755,0
4019284,024a0c2d305eb3cc,1516888049951,42.09116384,-75.97364488,319,13.061241149902,0
4019324,024a0c2d305eb3cc,1516888055567,42.09166728,-75.97414758,325.70001220703,14.010032653809,0
4019364,024a0c2d305eb3cc,1516888061135,42.09239183,-75.97460774,338.5,15.131903648376,0
4019404,024a0c2d305eb3cc,1516888066736,42.09303189,-75.9748617,345.60000610352,14.699999809265,0
4019444,024a0c2d305eb3cc,1516888072330,42.09374506,-75.97504339,348.60000610352,11.720209121704,0
4019584,024a0c2d305eb3cc,1516888077963,42.09408584,-75.97528156,312.10000610352,5.5801434516907,0
4019624,024a0c2d305eb3cc,1516888083572,42.09433396,-75.97539291,5.0999999046326,7.0708556175232,0
4019664,024a0c2d305eb3cc,1516888089157,42.09488845,-75.9753587,357.70001220703,9.9300804138184,0
4019704,024a0c2d305eb3cc,1516888094785,42.09514708,-75.97538435,359.10000610352,3.6502192020416,0
4019744,024a0c2d305eb3cc,1516888100439,42.09516009,-75.97536717,0,0,0
4019784,024a0c2d305eb3cc,1516888106047,42.09516765,-75.97535271,0,0,0
4019824,024a0c2d305eb3cc,1516888111674,42.09516503,-75.97534279,0,0,0
4019864,024a0c2d305eb3cc,1516888117298,42.09516425,-75.97534381,0,0,0
4019904,024a0c2d305eb3cc,1516888122918,42.09516403,-75.97534391,0,0,0
4019944,024a0c2d305eb3cc,1516888128572,42.09516376,-75.97534374,0,0,0
4020084,024a0c2d305eb3cc,1516888134225,42.09516383,-75.97534395,0,0,0
4020124,024a0c2d305eb3cc,1516888139877,42.09516398,-75.97534396,0,0,0
4020164,024a0c2d305eb3cc,1516888145513,42.09518231,-75.97534525,359.60000610352,1.6599999666214,0
4020204,024a0c2d305eb3cc,1516888151125,42.09537959,-75.97535386,356.29998779297,5.2403430938721,0
4020244,024a0c2d305eb3cc,1516888156699,42.0956448,-75.975201,61.5,7.4904270172119,0
4020284,024a0c2d305eb3cc,1516888162334,42.09562573,-75.97434278,96.699996948242,14.50152015686,0
4020324,024a0c2d305eb3cc,1516888167936,42.09528382,-75.97344792,129,17.764282226562,0
4020364,024a0c2d305eb3cc,1516888173564,42.09457598,-75.97264611,133.5,14.840121269226,0
4020404,024a0c2d305eb3cc,1516888179170,42.09460138,-75.97171559,63.900001525879,13.470004081726,0
4020444,024a0c2d305eb3cc,1516888184791,42.09523337,-75.97139855,2.9000000953674,15.979999542236,0
4020484,024a0c2d305eb3cc,1516888190424,42.09613754,-75.97136266,2.7999999523163,17.66040802002,0
4020524,024a0c2d305eb3cc,1516888196040,42.09717978,-75.97133267,2.4000000953674,20.472991943359,0
4020564,024a0c2d305eb3cc,1516888201575,42.09816745,-75.97124674,5.1999998092651,22.500009536743,0
4020704,024a0c2d305eb3cc,1516888207178,42.09937896,-75.97104093,7.8000001907349,22.300001144409,0
4020744,024a0c2d305eb3cc,1516888212716,42.10040365,-75.97072183,15.800000190735,23.130365371704,0
4020784,024a0c2d305eb3cc,1516888218309,42.10159384,-75.970159,21.39999961853,22.530000686646,0
4020824,024a0c2d305eb3cc,1516888223933,42.10252095,-75.96965702,21.5,22.060110092163,0
4020864,024a0c2d305eb3cc,1516888229541,42.10360876,-75.96909213,22.10000038147,21.240236282349,0
4020904,024a0c2d305eb3cc,1516888235155,42.10471629,-75.96845769,23.89999961853,22.02014541626,0
4020944,024a0c2d305eb3cc,1516888240718,42.10561791,-75.96793152,23.39999961853,21.370002746582,0
4021084,024a0c2d305eb3cc,1516888246247,42.10633343,-75.96714933,46.099998474121,15.861390113831,0
4021124,024a0c2d305eb3cc,1516888251819,42.10664103,-75.96660113,67.699996948242,9.9600200653076,0
4021164,024a0c2d305eb3cc,1516888257436,42.10649844,-75.96610362,142.89999389648,7.8278288841248,0
4021204,024a0c2d305eb3cc,1516888263069,42.10597649,-75.96590754,158.39999389648,11.710004806519,0
4021244,024a0c2d305eb3cc,1516888268681,42.10548606,-75.96538129,135.80000305176,15.750050544739,0
4021284,024a0c2d305eb3cc,1516888274259,42.10488862,-75.96463627,137.5,13.190033912659,0
4021324,024a0c2d305eb3cc,1516888279851,42.10438499,-75.96407453,140.19999694824,14.650030136108,0
4021364,024a0c2d305eb3cc,1516888285473,42.10380057,-75.96338801,138.80000305176,14.86048412323,0
4021504,024a0c2d305eb3cc,1516888291091,42.10321753,-75.9626846,136.19999694824,14.380086898804,0
4021544,024a0c2d305eb3cc,1516888296712,42.10265586,-75.96202551,136.60000610352,16.003198623657,0
4021584,024a0c2d305eb3cc,1516888302316,42.10203525,-75.96120301,133.80000305176,15.711540222168,0
4021624,024a0c2d305eb3cc,1516888307938,42.10153485,-75.96055569,135.80000305176,14.480012893677,0
4021664,024a0c2d305eb3cc,1516888313575,42.10098632,-75.95970776,132.80000305176,16.23069190979,0
4021704,024a0c2d305eb3cc,1516888319178,42.10033869,-75.95880184,132.89999389648,17.132125854492,0
4021744,024a0c2d305eb3cc,1516888324793,42.0998902,-75.95808896,123.90000152588,14.272947311401,0
4021884,024a0c2d305eb3cc,1516888330341,42.09965321,-75.95712528,101.5,13.39063167572,0
4021924,024a0c2d305eb3cc,1516888335966,42.0995171,-75.95611733,101,14.383129119873,0
4021964,024a0c2d305eb3cc,1516888341482,42.09940023,-75.95519048,100.09999847412,15.561700820923,0
4022104,024a0c2d305eb3cc,1516888347045,42.09924186,-75.954173,100.59999847412,14.411003112793,0
4022144,024a0c2d305eb3cc,1516888352661,42.09912606,-75.95326961,100.59999847412,15.381573677063,0
4022184,024a0c2d305eb3cc,1516888358269,42.09898662,-75.95212278,102.59999847412,15.500322341919,0
4022224,024a0c2d305eb3cc,1516888363902,42.09876108,-75.95120611,111.5,16.410245895386,0
4022264,024a0c2d305eb3cc,1516888369522,42.09839915,-75.95011859,114.80000305176,15.740917205811,0
4022304,024a0c2d305eb3cc,1516888375151,42.09801465,-75.94913268,120.90000152588,15.820533752441,0
4022344,024a0c2d305eb3cc,1516888380731,42.09756759,-75.94831165,126.40000152588,17.246681213379,0
4022484,024a0c2d305eb3cc,1516888386347,42.09699708,-75.94724206,126.5,18.755641937256,0
4022524,024a0c2d305eb3cc,1516888391911,42.09650475,-75.94633268,125.09999847412,18.971780776978,0
4022564,024a0c2d305eb3cc,1516888397546,42.09589691,-75.94518702,123.30000305176,18.710065841675,0
4022604,024a0c2d305eb3cc,1516888403169,42.09548029,-75.94401285,113.59999847412,18.510271072388,0
4022644,024a0c2d305eb3cc,1516888408807,42.09515559,-75.94303959,113.09999847412,18.130010604858,0
4022884,024a0c2d305eb3cc,1516888414430,42.0947293,-75.94179306,115.59999847412,18.142999649048,0
4022924,024a0c2d305eb3cc,1516888419984,42.09425749,-75.9406765,119.19999694824,17.210350036621,0
4022964,024a0c2d305eb3cc,1516888425603,42.09389346,-75.93977919,119,16.680074691772,0
4023004,024a0c2d305eb3cc,1516888431233,42.09353927,-75.93878642,114.69999694824,14.040431022644,0
4023044,024a0c2d305eb3cc,1516888436861,42.09334874,-75.93806903,111.59999847412,10.740041732788,0
4023084,024a0c2d305eb3cc,1516888442461,42.09320599,-75.93763792,112.59999847412,4.5901746749878,0
4023124,024a0c2d305eb3cc,1516888448102,42.09323041,-75.9375898,0,0.0099999997764826,0
4023164,024a0c2d305eb3cc,1516888453749,42.09323527,-75.93761655,0,0,0
4023304,024a0c2d305eb3cc,1516888459372,42.09322872,-75.93761429,0,0,0
4023344,024a0c2d305eb3cc,1516888465016,42.09322821,-75.93761791,0,0,0
4023384,024a0c2d305eb3cc,1516888470644,42.09322822,-75.93761753,0,0,0
4023424,024a0c2d305eb3cc,1516888476271,42.0930156,-75.93687743,110,9.8701820373535,0
4023464,024a0c2d305eb3cc,1516888481912,42.0928577,-75.93640413,117.69999694824,5.5604405403137,0
4023504,024a0c2d305eb3cc,1516888487509,42.09282865,-75.93625912,103.5,0.2942787706852,0
4023544,024a0c2d305eb3cc,1516888493175,42.09281497,-75.93628221,0,0,0
4023684,024a0c2d305eb3cc,1516888498767,42.09276761,-75.93611304,105,7.6609396934509,0
4023724,024a0c2d305eb3cc,1516888504354,42.09261602,-75.93524044,104.80000305176,12.580194473267,0
4023764,024a0c2d305eb3cc,1516888509981,42.09246126,-75.93453187,105.69999694824,5.0709862709045,0
4023804,024a0c2d305eb3cc,1516888515594,42.09252002,-75.93430543,38.799999237061,5.6103210449219,0
4023844,024a0c2d305eb3cc,1516888521154,42.09306153,-75.93433427,352.89999389648,12.960652351379,0
4023884,024a0c2d305eb3cc,1516888526790,42.09370404,-75.93441602,354.70001220703,14.750003814697,0
4023924,024a0c2d305eb3cc,1516888532382,42.0945067,-75.93453014,354.5,14.713928222656,0
4023964,024a0c2d305eb3cc,1516888537910,42.09508514,-75.93461275,354.5,11.960417747498,0
4024104,024a0c2d305eb3cc,1516888543539,42.09534638,-75.93455825,41.900001525879,4.8408370018005,0
4024144,024a0c2d305eb3cc,1516888549073,42.09539698,-75.93391277,88.599998474121,10.710117340088,0
4024184,024a0c2d305eb3cc,1516888554632,42.09540672,-75.93308486,86.5,13.340093612671,0
4024224,024a0c2d305eb3cc,1516888560221,42.09545587,-75.93211846,87.099998474121,13.171673774719,0
4024264,024a0c2d305eb3cc,1516888565755,42.09549918,-75.93143604,86.199996948242,9.6813220977783,0
4024304,024a0c2d305eb3cc,1516888571276,42.09550538,-75.93103127,86.5,2.5200197696686,0
4024344,024a0c2d305eb3cc,1516888576950,42.0955005,-75.9310082,0,0,0
4024484,024a0c2d305eb3cc,1516888582606,42.09550296,-75.93089477,88.300003051758,5.2186303138733,0
4024524,024a0c2d305eb3cc,1516888588232,42.09553507,-75.93025405,85.199996948242,11.190445899963,0
4024564,024a0c2d305eb3cc,1516888593851,42.0955766,-75.92949634,86.099998474121,13.590621948242,0
4024604,024a0c2d305eb3cc,1516888599471,42.09563461,-75.92840655,85.400001525879,15.510206222534,0
4024644,024a0c2d305eb3cc,1516888605075,42.09568266,-75.92729325,85.199996948242,15.010270118713,0
4024684,024a0c2d305eb3cc,1516888610701,42.09573072,-75.92648348,86.300003051758,12.200331687927,0
4024724,024a0c2d305eb3cc,1516888616323,42.09573066,-75.92560829,93.300003051758,13.510948181152,0
4024764,024a0c2d305eb3cc,1516888621951,42.09564937,-75.92451521,95.199996948242,15.370468139648,0
4025004,024a0c2d305eb3cc,1516888627553,42.09556932,-75.92359191,97.800003051758,14.832642555237,0
4025044,024a0c2d305eb3cc,1516888633175,42.09548914,-75.92254824,94.699996948242,14.560219764709,0
4025084,024a0c2d305eb3cc,1516888638737,42.09542546,-75.92171761,96.599998474121,12.410144805908,0
4025124,024a0c2d305eb3cc,1516888644256,42.09535548,-75.92120082,101.30000305176,3.4703602790833,0
4025164,024a0c2d305eb3cc,1516888649879,42.09526327,-75.92114741,162,4.5810914039612,0
4025304,024a0c2d305eb3cc,1516888655482,42.09487956,-75.92127082,195.60000610352,9.1500215530396,0
4025344,024a0c2d305eb3cc,1516888661098,42.09443605,-75.92141241,195.19999694824,8.3605976104736,0
4025384,024a0c2d305eb3cc,1516888666705,42.09411687,-75.92152976,196.80000305176,7.3901081085205,0
4025424,024a0c2d305eb3cc,1516888672340,42.09363841,-75.92167517,192.5,10.530170440674,0
4025464,024a0c2d305eb3cc,1516888677965,42.09317521,-75.9218298,195.10000610352,10.001125335693,0
4025604,024a0c2d305eb3cc,1516888683559,42.09286787,-75.92194241,195.60000610352,4.6802668571472,0
4025644,024a0c2d305eb3cc,1516888689111,42.09267682,-75.92183738,105.59999847412,5.5607285499573,0
4025684,024a0c2d305eb3cc,1516888694625,42.09268982,-75.92155198,81.800003051758,6.4652304649353,0
4025724,024a0c2d305eb3cc,1516888700239,42.09275808,-75.92077772,82.400001525879,12.180016517639,0
4025764,024a0c2d305eb3cc,1516888705854,42.09280423,-75.92013417,82.199996948242,8.5111522674561,0
4025904,024a0c2d305eb3cc,1516888711482,42.0928489,-75.91969009,83.599998474121,4.4504041671753,0
4025944,024a0c2d305eb3cc,1516888717147,42.092876,-75.91965053,0,0,0
4025984,024a0c2d305eb3cc,1516888722816,42.0928847,-75.91965215,0,0,0
4026024,024a0c2d305eb3cc,1516888728415,42.09287826,-75.91965761,0,0,0
4026064,024a0c2d305eb3cc,1516888734053,42.09287737,-75.91965835,0,0,0
4026104,024a0c2d305eb3cc,1516888739718,42.09287734,-75.91965865,0,0,0
4026144,024a0c2d305eb3cc,1516888745331,42.09287934,-75.91955326,88,5.102509021759,0
4026184,024a0c2d305eb3cc,1516888750967,42.09297485,-75.91872648,77.699996948242,14.371391296387,0
4026224,024a0c2d305eb3cc,1516888756545,42.09309015,-75.91774064,81.800003051758,17.480285644531,0
4026264,024a0c2d305eb3cc,1516888762168,42.0932363,-75.91650845,81,16.740190505981,0
4026404,024a0c2d305eb3cc,1516888767784,42.09335639,-75.91556978,77.800003051758,15.140845298767,0
4026444,024a0c2d305eb3cc,1516888773398,42.09341415,-75.91514524,81,0.94762861728668,0
4026484,024a0c2d305eb3cc,1516888779043,42.09341875,-75.91514393,0,0,0
4026524,024a0c2d305eb3cc,1516888784688,42.09341955,-75.91514954,0,0,0
4026564,024a0c2d305eb3cc,1516888790324,42.09341624,-75.91515392,0,0,0
4026604,024a0c2d305eb3cc,1516888795987,42.09341677,-75.91515317,0,0,0
4026644,024a0c2d305eb3cc,1516888801628,42.09341658,-75.91515329,0,0,0
4036884,024a0c2d305eb3cc,1516888807300,42.09341675,-75.9151533,0,0,0
4036924,024a0c2d305eb3cc,1516888812961,42.09341712,-75.91515298,0,0,0
4036964,024a0c2d305eb3cc,1516888818565,42.09341979,-75.91512194,79.599998474121,2.0006248950958,0
4037004,024a0c2d305eb3cc,1516888824196,42.09367272,-75.91471904,27.89999961853,10.406579017639,0
4037044,024a0c2d305eb3cc,1516888829827,42.09412287,-75.91462211,7.8000001907349,9.6502532958984,0
4037184,024a0c2d305eb3cc,1516888835395,42.09453268,-75.91454459,8.6999998092651,6.5024914741516,0
4037224,024a0c2d305eb3cc,1516888840871,42.09480773,-75.91450291,11.5,5.3401498794556,0
4037264,024a0c2d305eb3cc,1516888846489,42.09503618,-75.91431806,26.299999237061,4.5101776123047,0
4037904,024a0c2d305eb3cc,1516888852114,42.09504707,-75.91427301,0,0,0
4037944,024a0c2d305eb3cc,1516888857741,42.09504239,-75.91427433,0,0,0
4038084,024a0c2d305eb3cc,1516888863400,42.09504672,-75.91427538,0,0,0
4038124,024a0c2d305eb3cc,1516888869007,42.09504695,-75.9142748,0,0,0
4038164,024a0c2d305eb3cc,1516888874646,42.09504673,-75.914274,0,0,0
4038204,024a0c2d305eb3cc,1516888880326,42.09504762,-75.91427196,0,0,0
4038244,024a0c2d305eb3cc,1516888885974,42.09504751,-75.91427123,0,0,0
4038284,024a0c2d305eb3cc,1516888891610,42.09504817,-75.91427052,0,0,0
4038324,024a0c2d305eb3cc,1516888897281,42.09504888,-75.91427034,0,0,0
4038364,024a0c2d305eb3cc,1516888902902,42.09504899,-75.91426997,0,0,0
4038404,024a0c2d305eb3cc,1516888908503,42.09504948,-75.91426914,0,0,0
4038444,024a0c2d305eb3cc,1516888914136,42.09505504,-75.91421678,40.400001525879,1.8713097572327,0
4038584,024a0c2d305eb3cc,1516888919758,42.09516634,-75.91416245,1.5,2.6404736042023,0
4038624,024a0c2d305eb3cc,1516888925364,42.09528852,-75.91413185,6.5999999046326,0.47999998927116,0
4038664,024a0c2d305eb3cc,1516888931034,42.09530862,-75.91411015,0,0,0
4038704,024a0c2d305eb3cc,1516888936635,42.09530901,-75.91409132,0,0,0
4038744,024a0c2d305eb3cc,1516888942285,42.09531226,-75.91407971,0,0,0
4038784,024a0c2d305eb3cc,1516888947909,42.09531581,-75.91407972,0,0,0
4038824,024a0c2d305eb3cc,1516888953574,42.09531618,-75.91407952,0,0,0
4038864,024a0c2d305eb3cc,1516888959217,42.09531628,-75.91407905,0,0,0
4038904,024a0c2d305eb3cc,1516888964853,42.09531592,-75.91407881,0,0,0
4038944,024a0c2d305eb3cc,1516888970493,42.0953158,-75.91407865,0,0,0
4039084,024a0c2d305eb3cc,1516888976143,42.09531595,-75.91407875,0,0,0
4039124,024a0c2d305eb3cc,1516888981780,42.09531607,-75.91407887,0,0,0
4039164,024a0c2d305eb3cc,1516888987446,42.09531615,-75.9140788,0,0,0
4039304,024a0c2d305eb3cc,1516888993115,42.09531615,-75.91407862,0,0,0
4039344,024a0c2d305eb3cc,1516888998756,42.0953163,-75.91407861,0,0,0
4039384,024a0c2d305eb3cc,1516889004417,42.09531762,-75.91407866,0,0,0
4039424,024a0c2d305eb3cc,1516889010000,42.09531902,-75.91407866,0,0,0
4039464,024a0c2d305eb3cc,1516889015646,42.09532019,-75.91407859,0,0,0
4039504,024a0c2d305eb3cc,1516889021291,42.09532045,-75.91407831,0,0,0
4039544,024a0c2d305eb3cc,1516889026911,42.0953209,-75.91407816,0,0,0
4039684,024a0c2d305eb3cc,1516889032543,42.09532121,-75.91407772,0,0,0
4039724,024a0c2d305eb3cc,1516889038094,42.09532132,-75.91407731,0,0,0
4039764,024a0c2d305eb3cc,1516889043751,42.09532141,-75.91407707,0,0,0
4039804,024a0c2d305eb3cc,1516889049346,42.09532126,-75.91407689,0,0,0
4039844,024a0c2d305eb3cc,1516889055026,42.09532115,-75.91407673,0,0,0
4039984,024a0c2d305eb3cc,1516889060629,42.09532108,-75.91407644,0,0,0
4040024,024a0c2d305eb3cc,1516889066188,42.09532099,-75.9140761,0,0,0
4040064,024a0c2d305eb3cc,1516889071857,42.09532084,-75.91407602,0,0,0
4040104,024a0c2d305eb3cc,1516889077456,42.09532029,-75.91407595,0,0,0
4040144,024a0c2d305eb3cc,1516889083127,42.09531964,-75.91407601,0,0,0
4040184,024a0c2d305eb3cc,1516889088739,42.09531916,-75.91407602,0,0,0
4040224,024a0c2d305eb3cc,1516889094392,42.09531836,-75.91407578,0,0,0
4040264,024a0c2d305eb3cc,1516889100042,42.09531784,-75.9140757,0,0,0
4040404,024a0c2d305eb3cc,1516889105694,42.09531771,-75.9140757,0,0,0
4040444,024a0c2d305eb3cc,1516889111325,42.09531745,-75.91407577,0,0,0
4040484,024a0c2d305eb3cc,1516889116965,42.09531714,-75.91407576,0,0,0
4040524,024a0c2d305eb3cc,1516889122602,42.09531702,-75.91407566,0,0,0
4040564,024a0c2d305eb3cc,1516889128165,42.09581782,-75.91399854,7.1999998092651,11.390531539917,0
4040604,024a0c2d305eb3cc,1516889133715,42.09637628,-75.91382017,9.8999996185303,13.871300697327,0
4040644,024a0c2d305eb3cc,1516889139293,42.09705194,-75.91370116,8.5,11.540732383728,0
4040684,024a0c2d305eb3cc,1516889144942,42.09710168,-75.91370879,0,0.059999998658895,0
4040724,024a0c2d305eb3cc,1516889150510,42.09709114,-75.91369248,0,0,0
4040764,024a0c2d305eb3cc,1516889156138,42.09708476,-75.91369404,0,0,0
4040804,024a0c2d305eb3cc,1516889161782,42.09708577,-75.91369363,0,0,0
4040844,024a0c2d305eb3cc,1516889167432,42.09708622,-75.9136937,0,0,0
4040984,024a0c2d305eb3cc,1516889173064,42.09708733,-75.91369465,0,0,0
4041024,024a0c2d305eb3cc,1516889178702,42.09708777,-75.91369498,0,0,0
4041064,024a0c2d305eb3cc,1516889184370,42.09709101,-75.91369791,0,0,0
4041104,024a0c2d305eb3cc,1516889190023,42.0970932,-75.91369928,0,0,0
4041144,024a0c2d305eb3cc,1516889195628,42.09712223,-75.91366397,22.10000038147,1.6434719562531,0
4041284,024a0c2d305eb3cc,1516889201261,42.09741226,-75.91402482,288.29998779297,9.6120805740356,0
4041324,024a0c2d305eb3cc,1516889206841,42.09769184,-75.91463455,315.29998779297,12.520004272461,0
4041364,024a0c2d305eb3cc,1516889212458,42.09833471,-75.91468976,9.1000003814697,10.822037696838,0
4041404,024a0c2d305eb3cc,1516889218048,42.09861091,-75.91453815,8.3000001907349,1.0423530340195,0
4041444,024a0c2d305eb3cc,1516889223687,42.09862019,-75.91450866,0,0,0
4041484,024a0c2d305eb3cc,1516889229305,42.09863149,-75.91451036,0,0,0
4041524,024a0c2d305eb3cc,1516889234915,42.09863456,-75.91451287,0,0,0
4041564,024a0c2d305eb3cc,1516889240539,42.09879122,-75.91470346,304.79998779297,6.5124883651733,0
4041704,024a0c2d305eb3cc,1516889246095,42.09881192,-75.91520089,275.89999389648,5.0700888633728,0
4041744,024a0c2d305eb3cc,1516889251655,42.09876252,-75.91516546,0,0,0
4041784,024a0c2d305eb3cc,1516889257307,42.09880725,-75.91519798,303.5,1.470850110054,0
4041824,024a0c2d305eb3cc,1516889262843,42.09883575,-75.91568781,270.60000610352,8.9909400939941,0
4041864,024a0c2d305eb3cc,1516889268449,42.09882749,-75.91619971,270.29998779297,4.3841190338135,0
4041904,024a0c2d305eb3cc,1516889273996,42.09884025,-75.91645065,270.39999389648,5.8499999046326,0
4041944,024a0c2d305eb3cc,1516889279554,42.09884013,-75.91692259,270.20001220703,7.9700560569763,0
4042084,024a0c2d305eb3cc,1516889285181,42.09886615,-75.91751935,279.39999389648,7.691098690033,0
4042124,024a0c2d305eb3cc,1516889290781,42.09895216,-75.91790541,285.70001220703,4.8264789581299,0
4042164,024a0c2d305eb3cc,1516889296339,42.09896483,-75.91793146,0,0,0
4042204,024a0c2d305eb3cc,1516889301953,42.09896799,-75.91796834,282.89999389648,2.6509244441986,0
4042244,024a0c2d305eb3cc,1516889307582,42.09905352,-75.91855278,280.70001220703,10.530118942261,0
4042284,024a0c2d305eb3cc,1516889313201,42.09917611,-75.91926496,285,8.1113862991333,0
4042324,024a0c2d305eb3cc,1516889318807,42.09926246,-75.91955141,283.79998779297,3.6011245250702,0
4042364,024a0c2d305eb3cc,1516889324443,42.09926808,-75.91953292,0,0,0
4042504,024a0c2d305eb3cc,1516889330087,42.09927261,-75.91951563,0,0,0
4042544,024a0c2d305eb3cc,1516889335768,42.09927382,-75.91950546,0,0,0
4042684,024a0c2d305eb3cc,1516889341406,42.09927372,-75.91950508,0,0,0
4042724,024a0c2d305eb3cc,1516889347001,42.09932428,-75.91983145,281.60000610352,7.5214958190918,0
4042764,024a0c2d305eb3cc,1516889352628,42.09942671,-75.92053039,284,12.780062675476,0
4042804,024a0c2d305eb3cc,1516889358172,42.09958043,-75.92134554,283.20001220703,9.9204082489014,0
4042844,024a0c2d305eb3cc,1516889363798,42.09961438,-75.92168272,282.89999389648,2.4800806045532,0
4042884,024a0c2d305eb3cc,1516889369424,42.09957949,-75.92169645,0,0,0
4042924,024a0c2d305eb3cc,1516889375017,42.09963904,-75.92200373,280.79998779297,7.5900592803955,0
4042964,024a0c2d305eb3cc,1516889380651,42.09978334,-75.92266571,290.29998779297,12.664043426514,0
4043004,024a0c2d305eb3cc,1516889386264,42.10004434,-75.92362547,291,14.890406608582,0
4043044,024a0c2d305eb3cc,1516889391893,42.1003237,-75.92450465,294.89999389648,14.560000419617,0
4043184,024a0c2d305eb3cc,1516889397415,42.10053881,-75.92511053,292.70001220703,5.9880294799805,0
4043224,024a0c2d305eb3cc,1516889403039,42.10056291,-75.92513918,0,0,0
4043264,024a0c2d305eb3cc,1516889408687,42.10055789,-75.92513124,0,0,0
4043304,024a0c2d305eb3cc,1516889414302,42.10055416,-75.92513194,0,0,0
4043344,024a0c2d305eb3cc,1516889419929,42.10074134,-75.92564128,299.70001220703,10.730041503906,0
4043384,024a0c2d305eb3cc,1516889425561,42.10115402,-75.92645308,306.39999389648,14.670030593872,0
4043424,024a0c2d305eb3cc,1516889431184,42.10166061,-75.92732871,306.39999389648,15.230011940002,0
4043464,024a0c2d305eb3cc,1516889436704,42.10208372,-75.92805814,306.89999389648,14.490997314453,0
4043504,024a0c2d305eb3cc,1516889442249,42.10250789,-75.92877827,305.60000610352,11.190445899963,0
4043544,024a0c2d305eb3cc,1516889447678,42.10267694,-75.92910979,306.60000610352,4.7605147361755,0
4043684,024a0c2d305eb3cc,1516889453308,42.10293562,-75.92954511,311.10000610352,9.1701364517212,0
4043724,024a0c2d305eb3cc,1516889458936,42.10317213,-75.92993911,307.10000610352,7.9716057777405,0
4043764,024a0c2d305eb3cc,1516889464554,42.10324246,-75.9301052,0,0,0
4043804,024a0c2d305eb3cc,1516889470198,42.10323248,-75.93010461,0,0,0
4043844,024a0c2d305eb3cc,1516889475866,42.10329447,-75.93023162,306,4.6300001144409,0
4043884,024a0c2d305eb3cc,1516889481507,42.1035908,-75.93077352,306.39999389648,11.640154838562,0
4043924,024a0c2d305eb3cc,1516889487127,42.10402035,-75.93155676,305.60000610352,13.060647964478,0
4043964,024a0c2d305eb3cc,1516889492749,42.10435105,-75.93216298,305.20001220703,12.910189628601,0
4044104,024a0c2d305eb3cc,1516889498319,42.10479851,-75.9329279,307,12.979999542236,0
4044144,024a0c2d305eb3cc,1516889503950,42.10506089,-75.93342264,309.5,8.3196220397949,0
4044184,024a0c2d305eb3cc,1516889509570,42.10513179,-75.93349612,0,0,0
4044224,024a0c2d305eb3cc,1516889515179,42.10515859,-75.93349366,0,0,0
4044264,024a0c2d305eb3cc,1516889520818,42.10521539,-75.93365959,306,6.1500000953674,0
4044404,024a0c2d305eb3cc,1516889526423,42.10553762,-75.93432123,306.70001220703,13.340014457703,0
4044444,024a0c2d305eb3cc,1516889532041,42.10605456,-75.93525007,306.20001220703,15.830202102661,0
4044484,024a0c2d305eb3cc,1516889537622,42.1064483,-75.93600665,306.5,14.872101783752,0
4044524,024a0c2d305eb3cc,1516889543201,42.10684358,-75.9367163,307.29998779297,9.1400499343872,0
4044564,024a0c2d305eb3cc,1516889548719,42.10698815,-75.93699649,306.89999389648,3.5406920909882,0
4044704,024a0c2d305eb3cc,1516889554356,42.10698064,-75.9370267,0,0,0
4044744,024a0c2d305eb3cc,1516889560044,42.10698901,-75.93701778,0,0,0
4044784,024a0c2d305eb3cc,1516889565679,42.10699617,-75.93701477,0,0,0
4044824,024a0c2d305eb3cc,1516889571309,42.10699615,-75.93701582,0,0,0
4044864,024a0c2d305eb3cc,1516889576974,42.10699623,-75.93701575,0,0,0
4044904,024a0c2d305eb3cc,1516889582640,42.10699633,-75.93701571,0,0,0
4044944,024a0c2d305eb3cc,1516889588292,42.1069964,-75.93701573,0,0,0
4045084,024a0c2d305eb3cc,1516889593909,42.10699645,-75.93701572,0,0,0
4045124,024a0c2d305eb3cc,1516889599555,42.10699598,-75.93701575,0,0,0
4045164,024a0c2d305eb3cc,1516889605206,42.10699592,-75.93701558,0,0,0
4045204,024a0c2d305eb3cc,1516889610812,42.10702992,-75.93705822,305.29998779297,3.4611704349518,0
4045244,024a0c2d305eb3cc,1516889616420,42.10722278,-75.93741759,305.79998779297,6.9000072479248,0
4045284,024a0c2d305eb3cc,1516889621997,42.10736028,-75.93761892,0,0,0
4045324,024a0c2d305eb3cc,1516889627624,42.10734686,-75.93759627,0,0,0
4045364,024a0c2d305eb3cc,1516889633223,42.10740858,-75.93775569,295.5,5.9696898460388,0
4045604,024a0c2d305eb3cc,1516889638855,42.10771218,-75.93827825,306.89999389648,12.471447944641,0
4045644,024a0c2d305eb3cc,1516889644465,42.10816162,-75.93912098,306.29998779297,14.21035194397,0
4045684,024a0c2d305eb3cc,1516889650101,42.10863731,-75.93997443,306.20001220703,14.080127716064,0
4045724,024a0c2d305eb3cc,1516889655704,42.10896712,-75.94058353,306.70001220703,12.010105133057,0
4045764,024a0c2d305eb3cc,1516889661286,42.10937876,-75.9413296,306.10000610352,13.380093574524,0
4045804,024a0c2d305eb3cc,1516889666906,42.10974783,-75.94199713,306.89999389648,14.280223846436,0
4045844,024a0c2d305eb3cc,1516889672524,42.11019044,-75.94279102,305.70001220703,13.460182189941,0
4045884,024a0c2d305eb3cc,1516889678135,42.11059583,-75.94361287,301.29998779297,13.001695632935,0
4045924,024a0c2d305eb3cc,1516889683772,42.11087407,-75.94426103,301.29998779297,12.090500831604,0
4045964,024a0c2d305eb3cc,1516889689369,42.11110606,-75.94483928,302.10000610352,5.2227673530579,0
4046104,024a0c2d305eb3cc,1516889694930,42.11113083,-75.9449147,295.20001220703,0.33421549201012,0
4046144,024a0c2d305eb3cc,1516889700577,42.11112495,-75.94491291,0,0,0
4046184,024a0c2d305eb3cc,1516889706231,42.11112097,-75.94491401,0,0,0
4046224,024a0c2d305eb3cc,1516889711904,42.11112089,-75.94491502,0,0,0
4046264,024a0c2d305eb3cc,1516889717570,42.11116355,-75.94498573,283.79998779297,3.7835564613342,0
4046304,024a0c2d305eb3cc,1516889723147,42.11092993,-75.94528749,211.30000305176,8.5608415603638,0
4046344,024a0c2d305eb3cc,1516889728767,42.11049208,-75.94566504,213.69999694824,12.710098266602,0
4046484,024a0c2d305eb3cc,1516889734352,42.10993882,-75.94633249,232.60000610352,14.300087928772,0
4046524,024a0c2d305eb3cc,1516889739950,42.10957951,-75.94711984,239.69999694824,15.220328330994,0
4046564,024a0c2d305eb3cc,1516889745542,42.10920747,-75.94818332,245.19999694824,16.090898513794,0
4046604,024a0c2d305eb3cc,1516889751128,42.10897648,-75.94935288,258.10000610352,16.161117553711,0
4046644,024a0c2d305eb3cc,1516889756603,42.10887116,-75.95019613,258.29998779297,13.052589416504,0
4046684,024a0c2d305eb3cc,1516889762219,42.10875127,-75.95105,259.60000610352,11.700068473816,0
4046724,024a0c2d305eb3cc,1516889767781,42.10865452,-75.95167133,258.79998779297,9.5606336593628,0
4046764,024a0c2d305eb3cc,1516889773409,42.1086086,-75.95204239,261,1.6599999666214,0
4046904,024a0c2d305eb3cc,1516889778998,42.10863493,-75.95217444,279.29998779297,4.210000038147,0
4046944,024a0c2d305eb3cc,1516889784537,42.10852958,-75.95264074,255.80000305176,9.4000473022461,0
4046984,024a0c2d305eb3cc,1516889790082,42.10831368,-75.95352852,256.79998779297,14.190003395081,0
4047024,024a0c2d305eb3cc,1516889795668,42.10818867,-75.95448009,258.29998779297,16.460437774658,0
4047064,024a0c2d305eb3cc,1516889801150,42.10806837,-75.95559374,262,13.760294914246,0
4047204,024a0c2d305eb3cc,1516889806752,42.10801722,-75.95605079,257.5,3.7013511657715,0
4047244,024a0c2d305eb3cc,1516889812330,42.10802349,-75.95603128,0,0,0
4047284,024a0c2d305eb3cc,1516889817992,42.10802649,-75.95602862,0,0,0
4047324,024a0c2d305eb3cc,1516889823618,42.10793684,-75.95666874,259.70001220703,10.831181526184,0
4047364,024a0c2d305eb3cc,1516889829239,42.10781187,-75.9576831,260.20001220703,16.381477355957,0
4047504,024a0c2d305eb3cc,1516889834849,42.1076645,-75.95872968,260.60000610352,17.260349273682,0
4047544,024a0c2d305eb3cc,1516889840476,42.10752481,-75.96000229,260.89999389648,17.650724411011,0
4047584,024a0c2d305eb3cc,1516889846108,42.1073821,-75.9612282,260.60000610352,16.520109176636,0
4047624,024a0c2d305eb3cc,1516889851704,42.10720577,-75.96217473,256,15.870003700256,0
4047664,024a0c2d305eb3cc,1516889857310,42.10711504,-75.96331654,262.10000610352,15.990012168884,0
4047804,024a0c2d305eb3cc,1516889862925,42.1070142,-75.96427062,263,15.660003662109,0
4047844,024a0c2d305eb3cc,1516889868556,42.10692146,-75.96525423,260.39999389648,11.331274986267,0
4047984,024a0c2d305eb3cc,1516889874188,42.10690158,-75.96561224,273.89999389648,4.322603225708,0
4048024,024a0c2d305eb3cc,1516889879764,42.10698592,-75.96604421,272.70001220703,8.1512022018433,0
4048064,024a0c2d305eb3cc,1516889885308,42.10679372,-75.96684973,257.20001220703,13.780178070068,0
4048204,024a0c2d305eb3cc,1516889890932,42.10649981,-75.96768352,236,16.210109710693,0
4048244,024a0c2d305eb3cc,1516889896566,42.10569731,-75.96822027,195.30000305176,17.840000152588,0
4048384,024a0c2d305eb3cc,1516889902194,42.10468952,-75.96871721,201.60000610352,21.100116729736,0
4048424,024a0c2d305eb3cc,1516889907818,42.10373573,-75.96917094,200.39999389648,22.970018386841,0
4048464,024a0c2d305eb3cc,1516889913454,42.10251374,-75.96978019,201.60000610352,24.610033035278,0
4048504,024a0c2d305eb3cc,1516889919085,42.10123991,-75.97045571,201.80000305176,25.540096282959,0
4048544,024a0c2d305eb3cc,1516889924717,42.10014937,-75.97092496,194.80000305176,25.46028137207,0
4064784,024a0c2d305eb3cc,1516889930350,42.09882798,-75.97124505,186.10000610352,24.130205154419,0
4064824,024a0c2d305eb3cc,1516889935977,42.09761405,-75.97135734,183.19999694824,21.78002166748,0
4064864,024a0c2d305eb3cc,1516889941599,42.09674803,-75.97142351,183.80000305176,18.170274734497,0
4089904,024a0c2d305eb3cc,1516889947204,42.09584947,-75.97148776,182.89999389648,15.460000038147,0
4089944,024a0c2d305eb3cc,1516889952827,42.09522489,-75.97153493,183,12.190035820007,0
4090184,024a0c2d305eb3cc,1516889958414,42.09468377,-75.97184291,229,11.417009353638,0
4090224,024a0c2d305eb3cc,1516889964011,42.0946289,-75.97262193,277.60000610352,10.960114479065,0
4090264,024a0c2d305eb3cc,1516889969625,42.09515347,-75.97286513,359.29998779297,11.441926956177,0
4090304,024a0c2d305eb3cc,1516889975226,42.09554348,-75.9721419,87.699996948242,13.421803474426,0
4090344,024a0c2d305eb3cc,1516889980843,42.09551683,-75.97118521,91.599998474121,17.24002456665,0
4090484,024a0c2d305eb3cc,1516889986407,42.09550287,-75.96984089,93.300003051758,18.170001983643,0
4090524,024a0c2d305eb3cc,1516889991970,42.09543626,-75.96879883,94.300003051758,16.210889816284,0
4090564,024a0c2d305eb3cc,1516889997454,42.09534845,-75.96779324,93.400001525879,11.781373977661,0
4116804,024a0c2d305eb3cc,1516890030901,42.09349103,-75.96761057,193.5,6.7110729217529,0
4116844,024a0c2d305eb3cc,1516890036501,42.09291886,-75.96780898,195.5,12.623106002808,0
4117484,024a0c2d305eb3cc,1516890042129,42.09228357,-75.96836285,217,14.99005317688,0
4117524,024a0c2d305eb3cc,1516890047737,42.09184867,-75.96903998,235.5,13.990431785583,0
4117564,024a0c2d305eb3cc,1516890053307,42.09160111,-75.96997255,255.69999694824,13.550945281982,0
4118504,024a0c2d305eb3cc,1516890058941,42.09141637,-75.97077327,249.5,13.700057983398,0
4118544,024a0c2d305eb3cc,1516890064574,42.09111464,-75.97166607,242.60000610352,13.73005771637,0
4121384,024a0c2d305eb3cc,1516890070127,42.09071208,-75.97246039,224.60000610352,13.077404022217,0
4121464,024a0c2d305eb3cc,1516890075728,42.09022154,-75.97289636,205.39999389648,13.132776260376,0
4121544,024a0c2d305eb3cc,1516890081331,42.08950836,-75.97310316,182.39999389648,12.650193214417,0
4130704,024a0c2d305eb3cc,1516890086945,42.08904987,-75.97316455,197.10000610352,9.260048866272,0
4130744,024a0c2d305eb3cc,1516890092545,42.08870609,-75.97314271,166.80000305176,5.5000820159912,0
4130784,024a0c2d305eb3cc,1516890098187,42.08867928,-75.97312241,0,0,0
4130824,024a0c2d305eb3cc,1516890103821,42.08868337,-75.97310959,0,0,0
4130864,024a0c2d305eb3cc,1516890109475,42.0886788,-75.97307699,155.80000305176,2.3512761592865,0
4130904,024a0c2d305eb3cc,1516890115031,42.08830758,-75.97284831,153.30000305176,9.1713953018188,0
4130944,024a0c2d305eb3cc,1516890120501,42.08793084,-75.97241705,135.10000610352,11.329999923706,0
4131084,024a0c2d305eb3cc,1516890126094,42.08761502,-75.97178824,119,9.6714944839478,0
4131124,024a0c2d305eb3cc,1516890131722,42.087407,-75.97124669,113.19999694824,10.720074653625,0
4131164,024a0c2d305eb3cc,1516890137342,42.08720615,-75.97053928,108.5,10.152383804321,0
4131204,024a0c2d305eb3cc,1516890142883,42.08708231,-75.96988019,103.59999847412,11.340991973877,0
4131244,024a0c2d305eb3cc,1516890148474,42.0869172,-75.9690435,99.400001525879,11.489999771118,0
4131284,024a0c2d305eb3cc,1516890154013,42.08684886,-75.9682691,96.5,10.590004920959,0
4131324,024a0c2d305eb3cc,1516890159581,42.08676161,-75.96810675,146.5,3.7400000095367,0
4131364,024a0c2d305eb3cc,1516890165144,42.08664169,-75.96771176,91.300003051758,7.3105540275574,0
4131504,024a0c2d305eb3cc,1516890170672,42.08665308,-75.96720209,89,8.0222511291504,0
4131544,024a0c2d305eb3cc,1516890176193,42.08669498,-75.96674392,72.699996948242,5.5507297515869,0
4131584,024a0c2d305eb3cc,1516890181823,42.08680788,-75.96660981,26.200000762939,1.4522053003311,0
4131624,024a0c2d305eb3cc,1516890187362,42.08688424,-75.96673134,300,5.6804313659668,0
4131664,024a0c2d305eb3cc,1516890192919,42.0869926,-75.96694528,309.5,2.6200189590454,0
4131704,024a0c2d305eb3cc,1516890198463,42.08697465,-75.96691675,0,0.14000000059605,0
4131744,024a0c2d305eb3cc,1516890204011,42.08698778,-75.96688622,0,0,0
4131784,024a0c2d305eb3cc,1516890209625,42.08699657,-75.96688185,0,0,0
4131824,024a0c2d305eb3cc,1516890215247,42.08699908,-75.96687966,0,0,0
4131864,024a0c2d305eb3cc,1516890220862,42.08699906,-75.96687978,0,0,0
4132004,024a0c2d305eb3cc,1516890226652,42.08699948,-75.96688015,0,0,0
4132044,024a0c2d305eb3cc,1516890232431,42.0869997,-75.96688043,0,0,0
4132084,024a0c2d305eb3cc,1516890238093,42.08699948,-75.96688009,0,0,0
4132124,024a0c2d305eb3cc,1516890243766,42.08699966,-75.96687991,0,0,0
4132164,024a0c2d305eb3cc,1516890249505,42.08699942,-75.9668792,0,0,0
4132304,024a0c2d305eb3cc,1516890255418,42.08699916,-75.96687855,0,0,0
4132344,024a0c2d305eb3cc,1516890261345,42.08699883,-75.96687797,0,0,0
4132395,024a0c2d305eb3cc,1516890267054,42.08699874,-75.96687758,0,0,0
4132475,024a0c2d305eb3cc,1516890272849,42.08699903,-75.96687825,0,0,0
4132555,024a0c2d305eb3cc,1516890278634,42.08699878,-75.96687873,0,0,0
4132604,024a0c2d305eb3cc,1516890284476,42.08699923,-75.9668794,0,0,0
4132644,024a0c2d305eb3cc,1516890290484,42.08699977,-75.96687947,0,0,0
4132684,024a0c2d305eb3cc,1516890296207,42.08699993,-75.96687931,0,0,0
4132724,024a0c2d305eb3cc,1516890301907,42.08699996,-75.96687903,0,0,0
