10285604,025391f6de955621,1517252105443,42.08685518,-75.96823611,95,1.1701709032059,0
10285644,025391f6de955621,1517252111039,42.0867617,-75.96810078,148.69999694824,4.441846370697,0
10285684,025391f6de955621,1517252116650,42.08665677,-75.96789778,100.09999847412,0.83096331357956,0
10285724,025391f6de955621,1517252122266,42.08664875,-75.96773113,91.199996948242,4.0112466812134,0
10285764,025391f6de955621,1517252127873,42.08665523,-75.96741807,86.300003051758,5.8810286521912,0
10285804,025391f6de955621,1517252133467,42.08667979,-75.96699713,83.800003051758,5.132640838623,0
10285844,025391f6de955621,1517252139046,42.08669342,-75.96678343,69.900001525879,1.7876521348953,0
10285884,025391f6de955621,1517252144603,42.08673066,-75.96671221,48.599998474121,0.21095022559166,0
10285924,025391f6de955621,1517252150218,42.08672804,-75.96670984,0,0.15999999642372,0
10285964,025391f6de955621,1517252155846,42.08672339,-75.96670993,0,0.029999999329448,0
10286004,025391f6de955621,1517252161453,42.08675974,-75.96669306,28.299999237061,1.5245326757431,0
10286044,025391f6de955621,1517252167076,42.08681212,-75.96669935,359.5,2.9017238616943,0
10286084,025391f6de955621,1517252172683,42.08692191,-75.9669383,286.29998779297,5.7588977813721,0
10286124,025391f6de955621,1517252178239,42.08692057,-75.96722628,251.30000305176,0.50596439838409,0
10286164,025391f6de955621,1517252183859,42.08692421,-75.96721832,0,0,0
10286304,025391f6de955621,1517252189477,42.08692951,-75.96721717,0,0.029999999329448,0
10286344,025391f6de955621,1517252195040,42.08693084,-75.96723159,249.5,1.5111914873123,0
10286384,025391f6de955621,1517252200627,42.08686319,-75.96759217,268.60000610352,7.8812437057495,0
10286424,025391f6de955621,1517252206225,42.08687563,-75.96832189,272.70001220703,10.902425765991,0
10286464,025391f6de955621,1517252211797,42.08693095,-75.9690258,277.70001220703,12.333648681641,0
10286504,025391f6de955621,1517252217414,42.08705277,-75.96986495,282.70001220703,10.304969787598,0
10286544,025391f6de955621,1517252222999,42.08714809,-75.97033121,286.5,6.9031949043274,0
10286584,025391f6de955621,1517252228631,42.08726315,-75.97076959,289.70001220703,5.7919425964355,0
10286624,025391f6de955621,1517252234225,42.08739099,-75.97117571,294.60000610352,6.0900082588196,0
10286664,025391f6de955621,1517252239803,42.08751,-75.97152065,295.79998779297,6.8500070571899,0
10286704,025391f6de955621,1517252245436,42.08769393,-75.97196475,302.5,7.4800267219543,0
10286744,025391f6de955621,1517252251032,42.08790962,-75.97235139,311.5,8.230297088623,0
10286784,025391f6de955621,1517252256635,42.08822745,-75.97275141,321.5,7.0020642280579,0
10286824,025391f6de955621,1517252262228,42.08859225,-75.97299409,345.10000610352,9.0548210144043,0
10286864,025391f6de955621,1517252267795,42.08903904,-75.97305846,359.70001220703,10.530080795288,0
10286904,025391f6de955621,1517252273386,42.08961996,-75.97299542,10.199999809265,10.588768005371,0
10286944,025391f6de955621,1517252278974,42.09004094,-75.97284291,15.5,8.6063346862793,0
10286984,025391f6de955621,1517252284533,42.09035002,-75.97266481,31.39999961853,2.1534159183502,0
10287024,025391f6de955621,1517252290052,42.09036572,-75.97265367,30.39999961853,0.32249030470848,0
10287064,025391f6de955621,1517252295645,42.09051547,-75.97277358,312,5.6917223930359,0
10287104,025391f6de955621,1517252301259,42.09082254,-75.97327072,316.20001220703,10.500386238098,0
10287144,025391f6de955621,1517252306759,42.09121283,-75.97373789,318.79998779297,12.16118812561,0
10287184,025391f6de955621,1517252312374,42.09179645,-75.97427249,331.5,13.81608581543,0
10287224,025391f6de955621,1517252317990,42.0923758,-75.97461864,340.10000610352,14.398684501648,0
10287264,025391f6de955621,1517252323543,42.09312444,-75.97489878,346.89999389648,14.100695610046,0
10287304,025391f6de955621,1517252329154,42.09378531,-75.97510918,345.5,9.3045206069946,0
10287344,025391f6de955621,1517252334768,42.09404738,-75.97530333,315.20001220703,3.1301438808441,0
10287384,025391f6de955621,1517252340321,42.09425915,-75.97541055,3.7999999523163,6.4301242828369,0
10287424,025391f6de955621,1517252345926,42.09465928,-75.97537044,0,9.6700000762939,0
10287464,025391f6de955621,1517252351529,42.09510606,-75.97539417,356.70001220703,5.1107926368713,0
10287504,025391f6de955621,1517252357127,42.09525552,-75.97540164,0,0.070000000298023,0
10287544,025391f6de955621,1517252362746,42.09525845,-75.97539945,0,0.0099999997764826,0
10287584,025391f6de955621,1517252368369,42.09526255,-75.97539533,0,0,0
10287624,025391f6de955621,1517252373963,42.09526174,-75.97539407,0,0.0099999997764826,0
10287664,025391f6de955621,1517252379577,42.09526352,-75.97539473,0,0,0
10287704,025391f6de955621,1517252385190,42.09526078,-75.97539554,0,0,0
10287744,025391f6de955621,1517252390737,42.09525973,-75.97539727,0,0.019999999552965,0
10287784,025391f6de955621,1517252396309,42.09526348,-75.97539688,0,0.0099999997764826,0
10287824,025391f6de955621,1517252401914,42.09526691,-75.97539875,0,0,0
10287864,025391f6de955621,1517252407479,42.09526751,-75.97540995,0,0.0099999997764826,0
10287904,025391f6de955621,1517252413058,42.09526657,-75.97541396,0,0.0099999997764826,0
10287944,025391f6de955621,1517252418645,42.09526816,-75.97540869,0,0,0
10287984,025391f6de955621,1517252424200,42.09526958,-75.97540742,0,0.0099999997764826,0
10288024,025391f6de955621,1517252429821,42.09526812,-75.97539951,0,0,0
10288064,025391f6de955621,1517252435393,42.09526587,-75.97539159,0,0,0
10288104,025391f6de955621,1517252441010,42.09527595,-75.975388,356.89999389648,1.6700298786163,0
10288144,025391f6de955621,1517252446634,42.09559851,-75.97540405,357.70001220703,9.0812387466431,0
10288184,025391f6de955621,1517252452161,42.09612938,-75.97543861,357.29998779297,10.530802726746,0
10288224,025391f6de955621,1517252457755,42.09658154,-75.97547442,355.20001220703,9.038628578186,0
10288264,025391f6de955621,1517252463347,42.09691101,-75.97553329,356.39999389648,3.3266348838806,0
10288304,025391f6de955621,1517252468902,42.09694068,-75.97553013,0,0.059999998658895,0
10288344,025391f6de955621,1517252474517,42.09694278,-75.97552329,0,0.0099999997764826,0
10288384,025391f6de955621,1517252480172,42.09694429,-75.97551908,0,0.0099999997764826,0
10288424,025391f6de955621,1517252485767,42.09701522,-75.97554628,340.39999389648,3.0295212268829,0
10288464,025391f6de955621,1517252491361,42.09704453,-75.97596775,255.89999389648,8.7316036224365,0
10288504,025391f6de955621,1517252496978,42.09693431,-75.97661727,259.20001220703,12.710640907288,0
10288544,025391f6de955621,1517252502514,42.09687021,-75.97763553,269.5,15.691096305847,0
10288584,025391f6de955621,1517252508134,42.09695071,-75.97886472,281.70001220703,18.101219177246,0
10288624,025391f6de955621,1517252513759,42.09722158,-75.97991618,295.70001220703,18.908224105835,0
10288664,025391f6de955621,1517252519296,42.09781448,-75.98109278,311.5,20.071098327637,0
10288704,025391f6de955621,1517252524916,42.09841489,-75.98197135,312.5,19.461357116699,0
10288744,025391f6de955621,1517252530536,42.09912027,-75.98302627,311.10000610352,19.504739761353,0
10288784,025391f6de955621,1517252536163,42.0998151,-75.9840845,312,19.160461425781,0
10288824,025391f6de955621,1517252541763,42.10038255,-75.98491691,312.39999389648,18.238441467285,0
10288864,025391f6de955621,1517252547382,42.10095326,-75.98585176,303,15.610028266907,0
10288904,025391f6de955621,1517252552970,42.10127948,-75.98669609,295.39999389648,15.882833480835,0
10288944,025391f6de955621,1517252558577,42.10164082,-75.98770372,295.70001220703,13.840292930603,0
10288984,025391f6de955621,1517252564166,42.10195396,-75.98857373,295.60000610352,12.997115135193,0
10289024,025391f6de955621,1517252569784,42.1022088,-75.98929781,295.79998779297,13.678337097168,0
10289064,025391f6de955621,1517252575393,42.1025351,-75.99024213,294.5,14.932193756104,0
10289104,025391f6de955621,1517252580976,42.10276847,-75.99109748,286.29998779297,15.03955078125,0
10289144,025391f6de955621,1517252586547,42.10295921,-75.99208058,284.60000610352,14.104785919189,0
10289184,025391f6de955621,1517252592142,42.10315569,-75.993106,284.89999389648,14.616515159607,0
10289224,025391f6de955621,1517252597716,42.10332607,-75.99396156,284.79998779297,14.52232837677,0
10289264,025391f6de955621,1517252603319,42.10347573,-75.99490487,274,12.972409248352,0
10289304,025391f6de955621,1517252608938,42.1033877,-75.99571303,255.30000305176,13.681933403015,0
10289344,025391f6de955621,1517252614489,42.10321865,-75.99663975,256.70001220703,12.720251083374,0
10289384,025391f6de955621,1517252620105,42.10319445,-75.9974799,280.60000610352,9.3911981582642,0
10289424,025391f6de955621,1517252625716,42.10324968,-75.99791159,263.39999389648,5.8861956596375,0
10289464,025391f6de955621,1517252631295,42.1030429,-75.99816341,206.80000305176,4.5815715789795,0
10289604,025391f6de955621,1517252636905,42.10284846,-75.99803094,133.19999694824,5.9291906356812,0
10289644,025391f6de955621,1517252642472,42.10264132,-75.99781333,157.80000305176,3.5320389270782,0
10289684,025391f6de955621,1517252648084,42.10249259,-75.99779207,180.19999694824,3.3616809844971,0
10289724,025391f6de955621,1517252653760,42.1023982,-75.99787509,227.89999389648,3.0927333831787,0
10289764,025391f6de955621,1517252659369,42.1023358,-75.99820476,250.19999694824,6.0500082969666,0
10289804,025391f6de955621,1517252664917,42.10224096,-75.99851213,253.89999389648,4.2300119400024,0
10289844,025391f6de955621,1517252670542,42.10228728,-75.99870466,316.29998779297,3.6101245880127,0
10289884,025391f6de955621,1517252676166,42.10253133,-75.99854474,37.5,6.7905964851379,0
10289924,025391f6de955621,1517252681722,42.10282021,-75.99828003,31.39999961853,8.3708600997925,0
10289964,025391f6de955621,1517252687340,42.1031082,-75.99804178,33.900001525879,3.3509550094604,0
10290004,025391f6de955621,1517252692954,42.10313379,-75.9980167,0,0.20000000298023,0
10290044,025391f6de955621,1517252698518,42.10313614,-75.99801736,35.200000762939,0.23259407281876,0
10290084,025391f6de955621,1517252704127,42.10320629,-75.99791516,50.599998474121,1.9609181880951,0
10290124,025391f6de955621,1517252709712,42.10319352,-75.99761451,105.30000305176,7.6100263595581,0
10290164,025391f6de955621,1517252715333,42.10316004,-75.99686472,81.5,12.520100593567,0
10290204,025391f6de955621,1517252720940,42.10329473,-75.99605072,75.800003051758,14.770030975342,0
10290244,025391f6de955621,1517252726496,42.10344105,-75.99496893,88.400001525879,15.189601898193,0
10290284,025391f6de955621,1517252732121,42.10327787,-75.99386621,105.19999694824,15.863861083984,0
10290324,025391f6de955621,1517252737743,42.10309323,-75.99293728,104.5,15.675856590271,0
10290364,025391f6de955621,1517252743364,42.10287095,-75.99185971,105.40000152588,15.302525520325,0
10290404,025391f6de955621,1517252748984,42.10269371,-75.99099113,104.90000152588,14.832410812378,0
10290444,025391f6de955621,1517252754596,42.10239002,-75.98999252,116,14.990133285522,0
10290484,025391f6de955621,1517252760188,42.10203032,-75.98899769,116.09999847412,15.353547096252,0
10290524,025391f6de955621,1517252765796,42.10171426,-75.9881398,115.5,16.402221679688,0
10290564,025391f6de955621,1517252771410,42.10133661,-75.98706346,115.40000152588,16.73387336731,0
10290604,025391f6de955621,1517252776956,42.10101263,-75.98618166,117.80000305176,15.555144309998,0
10290644,025391f6de955621,1517252782562,42.10053415,-75.98529364,132.10000610352,15.625917434692,0
10290684,025391f6de955621,1517252788180,42.09995735,-75.98442168,132,16.652221679688,0
10290724,025391f6de955621,1517252793755,42.09944791,-75.9836657,132.30000305176,16.919942855835,0
10290764,025391f6de955621,1517252799377,42.09885359,-75.98279348,132.39999389648,15.900530815125,0
10290804,025391f6de955621,1517252804986,42.09837266,-75.98207239,131.80000305176,16.410987854004,0
10290844,025391f6de955621,1517252810600,42.097771,-75.9811686,130.80000305176,16.960662841797,0
10290884,025391f6de955621,1517252816216,42.0972373,-75.9801441,117.69999694824,17.338724136353,0
10290924,025391f6de955621,1517252821820,42.09694733,-75.97920476,106.30000305176,16.306774139404,0
10290964,025391f6de955621,1517252827372,42.09680698,-75.97811992,93.900001525879,11.951209068298,0
10291004,025391f6de955621,1517252832919,42.09680837,-75.97748092,88.199996948242,9.4868326187134,0
10291044,025391f6de955621,1517252838539,42.09683702,-75.97685998,82.599998474121,8.4868125915527,0
10291084,025391f6de955621,1517252844134,42.09692767,-75.97623761,75.400001525879,8.8913946151733,0
10291124,025391f6de955621,1517252849746,42.09701724,-75.97576779,80.800003051758,5.9194931983948,0
10291164,025391f6de955621,1517252855360,42.09685409,-75.9755604,167.5,4.9357876777649,0
10291204,025391f6de955621,1517252860972,42.09651975,-75.97554838,178.60000610352,8.8876085281372,0
10291244,025391f6de955621,1517252866583,42.09614923,-75.97553576,178.80000305176,3.77033162117,0
10291284,025391f6de955621,1517252872171,42.09611531,-75.97553457,0,0,0
10291324,025391f6de955621,1517252877743,42.09611487,-75.9755377,0,0.0099999997764826,0
10291364,025391f6de955621,1517252883349,42.09611464,-75.97553843,0,0.0099999997764826,0
10291404,025391f6de955621,1517252888921,42.09611473,-75.97554175,0,0.019999999552965,0
10291444,025391f6de955621,1517252894475,42.09611654,-75.97554087,0,0.0099999997764826,0
10291484,025391f6de955621,1517252900095,42.09612149,-75.9755409,0,0.0099999997764826,0
10291524,025391f6de955621,1517252905669,42.0961224,-75.97554166,0,0.0099999997764826,0
10291564,025391f6de955621,1517252911276,42.09612547,-75.97554434,0,0,0
10291604,025391f6de955621,1517252916889,42.09612686,-75.97554135,0,0.0099999997764826,0
10291644,025391f6de955621,1517252922477,42.09612965,-75.97554094,0,0.0099999997764826,0
10291684,025391f6de955621,1517252928089,42.09613261,-75.97554203,0,0.0099999997764826,0
10291724,025391f6de955621,1517252933714,42.09613487,-75.97554002,0,0.0099999997764826,0
10291764,025391f6de955621,1517252939280,42.09613825,-75.97553903,0,0.0099999997764826,0
10291804,025391f6de955621,1517252944884,42.09613754,-75.97553728,0,0,0
10291844,025391f6de955621,1517252950466,42.09613736,-75.97553989,0,0,0
10291884,025391f6de955621,1517252956046,42.09613963,-75.97553936,0,0.0099999997764826,0
10291924,025391f6de955621,1517252961671,42.09614264,-75.97553955,0,0,0
10291964,025391f6de955621,1517252967256,42.0961427,-75.97553852,0,0.0099999997764826,0
10292004,025391f6de955621,1517252972870,42.09614437,-75.975537,0,0.0099999997764826,0
10292044,025391f6de955621,1517252978463,42.09614966,-75.97553419,0,0.0099999997764826,0
10292084,025391f6de955621,1517252984069,42.09615276,-75.97553161,0,0.0099999997764826,0
10292124,025391f6de955621,1517252989656,42.09615043,-75.97553131,0,0,0
10292164,025391f6de955621,1517252995255,42.09614968,-75.97553331,0,0.0099999997764826,0
10292204,025391f6de955621,1517253000832,42.09603162,-75.97553419,181.39999389648,4.1852717399597,0
10292244,025391f6de955621,1517253006413,42.09592863,-75.97586561,271.79998779297,7.3105540275574,0
10292284,025391f6de955621,1517253012032,42.09594549,-75.97635797,273,7.9422731399536,0
10292324,025391f6de955621,1517253017583,42.09598053,-75.97673963,300.29998779297,2.5064716339111,0
10292364,025391f6de955621,1517253023200,42.09603565,-75.97678307,338.20001220703,0.69180923700333,0
10292404,025391f6de955621,1517253028815,42.09604234,-75.97678186,340.39999389648,0.24020823836327,0
10292444,025391f6de955621,1517253034445,42.09612144,-75.97677731,2.2999999523163,3.5217182636261,0
10292484,025391f6de955621,1517253040050,42.09631059,-75.97675241,2.9000000953674,3.8802063465118,0
10292524,025391f6de955621,1517253045640,42.09643008,-75.97695319,282.29998779297,4.522488117218,0
10292564,025391f6de955621,1517253051230,42.09637159,-75.97724349,227.69999694824,3.5120506286621,0
10292604,025391f6de955621,1517253056824,42.09621457,-75.97725902,169.69999694824,3.7833847999573,0
10292644,025391f6de955621,1517253062439,42.09606446,-75.97712804,118.80000305176,2.3200862407684,0
10292684,025391f6de955621,1517253068012,42.09605436,-75.97703951,89,1.5608010292053,0
10292724,025391f6de955621,1517253073620,42.09605307,-75.97696882,0,0.070000000298023,0
10292764,025391f6de955621,1517253079239,42.09605185,-75.97697615,0,0.070000000298023,0
10292904,025391f6de955621,1517253084820,42.09605084,-75.97697288,0,0.0099999997764826,0
10292944,025391f6de955621,1517253090426,42.09604644,-75.9769703,0,0,0
10292984,025391f6de955621,1517253096047,42.09604542,-75.97696435,0,0,0
10293024,025391f6de955621,1517253101653,42.09604303,-75.97695753,0,0,0
10293064,025391f6de955621,1517253107243,42.09603913,-75.97694854,0,0.0099999997764826,0
10293104,025391f6de955621,1517253112818,42.09603614,-75.9769435,0,0.0099999997764826,0
10293144,025391f6de955621,1517253118392,42.09603594,-75.97693519,0,0.0099999997764826,0
10293184,025391f6de955621,1517253123945,42.09603333,-75.9769286,0,0.0099999997764826,0
10293224,025391f6de955621,1517253129561,42.09603022,-75.976922,0,0.0099999997764826,0
10293264,025391f6de955621,1517253135151,42.09602999,-75.9769183,0,0,0
10293304,025391f6de955621,1517253140743,42.09603171,-75.97691887,0,0,0
10293344,025391f6de955621,1517253146316,42.09603523,-75.97692055,0,0.0099999997764826,0
10293384,025391f6de955621,1517253151876,42.09603681,-75.97691997,0,0.0099999997764826,0
10293424,025391f6de955621,1517253157496,42.09603947,-75.97691963,0,0.0099999997764826,0
10293464,025391f6de955621,1517253163107,42.09604118,-75.97692092,0,0,0
10293504,025391f6de955621,1517253168676,42.09603984,-75.97692449,0,0,0
10293544,025391f6de955621,1517253174282,42.09603614,-75.97692745,0,0,0
10293584,025391f6de955621,1517253179866,42.09603382,-75.97693109,0,0.0099999997764826,0
10293624,025391f6de955621,1517253185466,42.09603102,-75.97693296,0,0,0
10293664,025391f6de955621,1517253191083,42.09602986,-75.97693437,0,0,0
10293704,025391f6de955621,1517253196658,42.09602793,-75.97693169,0,0,0
10293744,025391f6de955621,1517253202265,42.09602807,-75.97692778,0,0,0
10293784,025391f6de955621,1517253207889,42.0960325,-75.97692792,0,0,0
10293824,025391f6de955621,1517253213426,42.09603188,-75.97692405,0,0,0
10293864,025391f6de955621,1517253219036,42.09602353,-75.97691647,0,0,0
10293904,025391f6de955621,1517253224646,42.09601108,-75.97690377,0,0,0
10293944,025391f6de955621,1517253230215,42.09600882,-75.97689792,0,0,0
10293984,025391f6de955621,1517253235832,42.09600613,-75.97689338,0,0,0
10294024,025391f6de955621,1517253241450,42.09600096,-75.97688763,0,0,0
10294064,025391f6de955621,1517253247062,42.09599721,-75.9768858,0,0.0099999997764826,0
10294104,025391f6de955621,1517253252681,42.09599598,-75.97688989,0,0,0
10294144,025391f6de955621,1517253258309,42.09598996,-75.97688683,0,0,0
10294184,025391f6de955621,1517253263863,42.0959849,-75.97688632,0,0,0
10294224,025391f6de955621,1517253269483,42.09598282,-75.97688765,0,0,0
10294264,025391f6de955621,1517253275094,42.09598319,-75.97688844,0,0,0
10294304,025391f6de955621,1517253280602,42.09598392,-75.97689038,0,0.0099999997764826,0
10294344,025391f6de955621,1517253286195,42.09598424,-75.97689205,0,0,0
10294384,025391f6de955621,1517253291806,42.0959811,-75.97689306,0,0,0
10294424,025391f6de955621,1517253297426,42.09598221,-75.97689557,0,0,0
10294464,025391f6de955621,1517253303033,42.09598404,-75.97689748,0,0,0
10294504,025391f6de955621,1517253308650,42.09598259,-75.97689115,0,0,0
10294544,025391f6de955621,1517253314205,42.09598237,-75.97688552,0,0.0099999997764826,0
10294584,025391f6de955621,1517253319826,42.09598136,-75.97687697,0,0,0
10294624,025391f6de955621,1517253325415,42.09598177,-75.97686946,0,0.0099999997764826,0
10294664,025391f6de955621,1517253331040,42.09598201,-75.97686793,0,0,0
10294704,025391f6de955621,1517253336634,42.09598456,-75.97687176,0,0,0
10294744,025391f6de955621,1517253342229,42.09598529,-75.9768759,0,0,0
10294784,025391f6de955621,1517253347838,42.0959813,-75.97687673,0,0,0
10294824,025391f6de955621,1517253353456,42.09598534,-75.9768842,0,0,0
10294864,025391f6de955621,1517253359067,42.09599271,-75.97689405,0,0,0
10294904,025391f6de955621,1517253364692,42.09599607,-75.97689807,0,0,0
10294944,025391f6de955621,1517253370309,42.0959989,-75.97690214,0,0,0
10294984,025391f6de955621,1517253375877,42.09600031,-75.97690083,0,0,0
10295024,025391f6de955621,1517253381547,42.09602374,-75.97694558,0,0,0
10295064,025391f6de955621,1517253387203,42.0960234,-75.97694528,0,0,0
10295104,025391f6de955621,1517253392778,42.09602321,-75.976945,0,0,0
10295144,025391f6de955621,1517253398458,42.09602304,-75.97694456,0,0,0
10295184,025391f6de955621,1517253404148,42.09602295,-75.97694427,0,0,0
10295224,025391f6de955621,1517253409696,42.09602287,-75.97694413,0,0,0
10295264,025391f6de955621,1517253415340,42.09602278,-75.9769437,0,0,0
10295304,025391f6de955621,1517253420966,42.09602264,-75.97694332,0,0,0
10295344,025391f6de955621,1517253426617,42.09602246,-75.97694308,0,0,0
10295384,025391f6de955621,1517253432289,42.09602224,-75.97694275,0,0,0
10295424,025391f6de955621,1517253437920,42.09602216,-75.97694256,0,0,0
10295464,025391f6de955621,1517253443557,42.09602195,-75.97694229,0,0,0
10295504,025391f6de955621,1517253449189,42.09602175,-75.97694234,0,0,0
10295544,025391f6de955621,1517253454869,42.09602159,-75.97694222,0,0,0
10295584,025391f6de955621,1517253460460,42.09602134,-75.97694181,0,0,0
10295624,025391f6de955621,1517253466128,42.09602124,-75.97694154,0,0,0
10295664,025391f6de955621,1517253471717,42.0960213,-75.97694142,0,0,0
10295704,025391f6de955621,1517253477347,42.09602122,-75.97694124,0,0,0
10295744,025391f6de955621,1517253482967,42.09602104,-75.97694088,0,0,0
10295784,025391f6de955621,1517253488607,42.096021,-75.97694068,0,0,0
10295824,025391f6de955621,1517253494293,42.09602105,-75.97694064,0,0,0
10295864,025391f6de955621,1517253499957,42.096021,-75.97694055,0,0,0
10295904,025391f6de955621,1517253505538,42.09602104,-75.97694067,0,0,0
10295944,025391f6de955621,1517253511180,42.0960208,-75.97694065,0,0,0
10295984,025391f6de955621,1517253516738,42.0960206,-75.97694057,0,0,0
10296024,025391f6de955621,1517253522277,42.09602045,-75.97694038,0,0,0
10296064,025391f6de955621,1517253527919,42.09602041,-75.97694025,0,0,0
10296204,025391f6de955621,1517253533567,42.09602035,-75.97694011,0,0,0
10296244,025391f6de955621,1517253539198,42.09602036,-75.97694005,0,0,0
10296284,025391f6de955621,1517253544875,42.09602033,-75.97694,0,0,0
10296324,025391f6de955621,1517253550519,42.09602016,-75.97693998,0,0,0
10296364,025391f6de955621,1517253556109,42.09602001,-75.97693986,0,0,0
10296404,025391f6de955621,1517253561733,42.0960199,-75.97693962,0,0,0
10296444,025391f6de955621,1517253567402,42.09601979,-75.97693945,0,0,0
10296484,025391f6de955621,1517253573035,42.09601965,-75.97693938,0,0,0
10296524,025391f6de955621,1517253578682,42.09601946,-75.97693924,0,0,0
10296564,025391f6de955621,1517253584366,42.09601926,-75.97693917,0,0,0
10296604,025391f6de955621,1517253589961,42.09601919,-75.97693912,0,0,0
10296644,025391f6de955621,1517253595582,42.09600785,-75.9768348,101.80000305176,1.1253888607025,0
10296684,025391f6de955621,1517253601182,42.09598788,-75.97677034,101,0.85000002384186,0
10296724,025391f6de955621,1517253606787,42.09597272,-75.9767809,0,0,0
10296764,025391f6de955621,1517253612418,42.09596925,-75.97678653,0,0,0
10296804,025391f6de955621,1517253618067,42.09597166,-75.976791,0,0,0
10296844,025391f6de955621,1517253623650,42.09597185,-75.97679078,0,0,0
10296884,025391f6de955621,1517253629278,42.09597256,-75.97679187,0,0,0
10296924,025391f6de955621,1517253634888,42.09597274,-75.97679191,0,0,0
10296964,025391f6de955621,1517253640512,42.09597284,-75.97679201,0,0,0
10297004,025391f6de955621,1517253646120,42.09597294,-75.97679241,0,0,0
10297044,025391f6de955621,1517253651735,42.09597294,-75.97679255,0,0,0
10297084,025391f6de955621,1517253657354,42.0959731,-75.97679261,0,0,0
10297124,025391f6de955621,1517253662950,42.09597322,-75.97679258,0,0,0
10297164,025391f6de955621,1517253668565,42.09594709,-75.97679652,187.39999389648,1.8951780796051,0
10297204,025391f6de955621,1517253674182,42.09588925,-75.97702103,305.5,4.9529180526733,0
10297244,025391f6de955621,1517253679803,42.09593585,-75.97745638,273.5,7.520664691925,0
10297284,025391f6de955621,1517253685415,42.09596576,-75.97813039,275.10000610352,10.878901481628,0
10297324,025391f6de955621,1517253691029,42.09602501,-75.97886488,276.10000610352,12.237209320068,0
10297364,025391f6de955621,1517253696649,42.09610014,-75.97971188,276.60000610352,11.523650169373,0
10297404,025391f6de955621,1517253702235,42.09619712,-75.9805004,282.39999389648,9.8113050460815,0
10297444,025391f6de955621,1517253707851,42.09625333,-75.98092348,277,3.6800544261932,0
10297484,025391f6de955621,1517253713464,42.09625658,-75.98099869,0,0.0099999997764826,0
10297524,025391f6de955621,1517253719087,42.09626901,-75.98108654,276.70001220703,4.3341665267944,0
10297564,025391f6de955621,1517253724697,42.09632298,-75.98135097,305.70001220703,4.5148863792419,0
10297604,025391f6de955621,1517253730275,42.09663016,-75.9813922,12.800000190735,8.1475944519043,0
10297644,025391f6de955621,1517253735892,42.09703256,-75.98141703,356.39999389648,8.6502075195312,0
10297684,025391f6de955621,1517253741509,42.09732318,-75.98146709,344,3.7829749584198,0
10297724,025391f6de955621,1517253747123,42.09737527,-75.98188219,267.89999389648,8.0403051376343,0
10297764,025391f6de955621,1517253752710,42.09734771,-75.98236996,265.79998779297,7.380331993103,0
10297804,025391f6de955621,1517253758270,42.09732458,-75.98275392,265.79998779297,2.8200178146362,0
10297844,025391f6de955621,1517253763884,42.09732576,-75.98278491,0,0,0
10297884,025391f6de955621,1517253769480,42.09732226,-75.98284851,267.39999389648,3.0099999904633,0
10297924,025391f6de955621,1517253775056,42.09742801,-75.98298215,342.5,4.2502942085266,0
10297964,025391f6de955621,1517253780659,42.09768625,-75.98299966,357.10000610352,2.8808505535126,0
10298004,025391f6de955621,1517253786279,42.09775481,-75.98300034,357,4.2402944564819,0
10298044,025391f6de955621,1517253791843,42.09803918,-75.98302455,356.29998779297,7.0815887451172,0
10298084,025391f6de955621,1517253797427,42.09830777,-75.98304676,357.10000610352,1.3110681772232,0
10298124,025391f6de955621,1517253803031,42.09838142,-75.98305145,357.5,4.4499998092651,0
10298164,025391f6de955621,1517253808632,42.0986761,-75.98302167,20.10000038147,3.8110628128052,0
10298204,025391f6de955621,1517253814222,42.09877565,-75.98296161,30.799999237061,3.90483045578,0
10298244,025391f6de955621,1517253819846,42.09886672,-75.98286068,50.900001525879,1.3943456411362,0
10298284,025391f6de955621,1517253825362,42.09886308,-75.98277275,97.199996948242,2.7000741958618,0
10298324,025391f6de955621,1517253830977,42.09868235,-75.98250107,133.10000610352,8.9200000762939,0
10298364,025391f6de955621,1517253836591,42.09825351,-75.98186332,132.5,13.880435943604,0
10298404,025391f6de955621,1517253842129,42.09772881,-75.98108265,131.69999694824,14.96176815033,0
10298444,025391f6de955621,1517253847738,42.0973196,-75.98032242,121.80000305176,15.886095046997,0
10298484,025391f6de955621,1517253853322,42.09697475,-75.97928572,106.90000152588,15.367813110352,0
10298524,025391f6de955621,1517253858925,42.09683875,-75.97840773,97.699996948242,15.020750045776,0
10298564,025391f6de955621,1517253864552,42.09681905,-75.97732037,86.400001525879,14.943711280823,0
10298604,025391f6de955621,1517253870181,42.09690513,-75.97637583,77,10.000584602356,0
10298644,025391f6de955621,1517253875799,42.09696449,-75.97603354,74,4.4864239692688,0
10298684,025391f6de955621,1517253881418,42.09698377,-75.97566236,106.40000152588,5.4392094612122,0
10298724,025391f6de955621,1517253887046,42.0967291,-75.97556042,177.39999389648,7.0245356559753,0
10298764,025391f6de955621,1517253892650,42.09641898,-75.97555045,178.39999389648,2.9500510692596,0
10298804,025391f6de955621,1517253898246,42.09640401,-75.97555428,0,0.20000000298023,0
10298844,025391f6de955621,1517253903856,42.09641081,-75.9755524,0,0.0099999997764826,0
10298884,025391f6de955621,1517253909469,42.09641325,-75.97554851,0,0,0
10298924,025391f6de955621,1517253915086,42.0964107,-75.97554246,0,0,0
10298964,025391f6de955621,1517253920699,42.09640983,-75.97554353,0,0,0
10299004,025391f6de955621,1517253926316,42.09641053,-75.97554646,0,0,0
10299044,025391f6de955621,1517253931940,42.09640483,-75.97554966,0,0.0099999997764826,0
10299084,025391f6de955621,1517253937554,42.09640173,-75.97554738,0,0.0099999997764826,0
10299124,025391f6de955621,1517253943122,42.09640104,-75.97554887,0,0,0
10299164,025391f6de955621,1517253948735,42.09639984,-75.97554906,0,0.0099999997764826,0
10299204,025391f6de955621,1517253954357,42.09639574,-75.97554683,0,0,0
10299244,025391f6de955621,1517253959973,42.09639211,-75.97554343,0,0,0
10299284,025391f6de955621,1517253965568,42.09639123,-75.97554036,0,0,0
10299329,025391f6de955621,1517253971153,42.09639084,-75.97553956,0,0.019999999552965,0
10299409,025391f6de955621,1517253976756,42.0963922,-75.97553757,0,0.019999999552965,0
10299504,025391f6de955621,1517253982354,42.09639226,-75.97553644,0,0,0
10299544,025391f6de955621,1517253987972,42.09639557,-75.97553763,0,0.0099999997764826,0
10299584,025391f6de955621,1517253993600,42.09639948,-75.975536,0,0,0
10299624,025391f6de955621,1517253999155,42.09640131,-75.97553538,0,0,0
10299664,025391f6de955621,1517254004750,42.09640257,-75.97553541,0,0,0
10299704,025391f6de955621,1517254010356,42.0964064,-75.97553827,0,0,0
10299744,025391f6de955621,1517254015963,42.09641292,-75.97554463,0,0,0
10299784,025391f6de955621,1517254021580,42.09641507,-75.97554636,0,0.0099999997764826,0
10299824,025391f6de955621,1517254027179,42.09641361,-75.97554992,0,0,0
10299864,025391f6de955621,1517254032792,42.09641405,-75.97555255,0,0.019999999552965,0
10299904,025391f6de955621,1517254038377,42.09641514,-75.97555332,0,0,0
10299944,025391f6de955621,1517254043967,42.09641799,-75.97555547,0,0,0
10299984,025391f6de955621,1517254049582,42.09641659,-75.97555754,0,0,0
10300024,025391f6de955621,1517254055194,42.09640945,-75.97555261,0,0,0
10300064,025391f6de955621,1517254060807,42.09640918,-75.97555003,0,0,0
10300104,025391f6de955621,1517254066431,42.09640769,-75.97554966,0,0,0
10300144,025391f6de955621,1517254071996,42.09641082,-75.9755533,0,0,0
10300184,025391f6de955621,1517254077590,42.09641636,-75.97555688,0,0,0
10300224,025391f6de955621,1517254083153,42.09641664,-75.97556007,0,0,0
10300264,025391f6de955621,1517254088728,42.09641503,-75.97556413,0,0,0
10300304,025391f6de955621,1517254094353,42.09633481,-75.97556692,178.80000305176,3.5903480052948,0
10300344,025391f6de955621,1517254099971,42.09607313,-75.97555787,178.89999389648,7.843373298645,0
10300384,025391f6de955621,1517254105550,42.09560193,-75.97554092,177.89999389648,8.8314485549927,0
10300424,025391f6de955621,1517254111148,42.09524015,-75.97550561,176.39999389648,2.6212210655212,0
10300464,025391f6de955621,1517254116728,42.09522323,-75.97549883,0,0.019999999552965,0
10300504,025391f6de955621,1517254122324,42.09503471,-75.97548211,175.89999389648,6.7214579582214,0
10300544,025391f6de955621,1517254127938,42.09468406,-75.97544718,177.89999389648,7.4506707191467,0
10300584,025391f6de955621,1517254133531,42.09429201,-75.97550002,191.5,6.4213161468506,0
10300624,025391f6de955621,1517254139132,42.09401884,-75.97540214,134.10000610352,5.3923740386963,0
10300664,025391f6de955621,1517254144736,42.09374408,-75.97524604,171.10000610352,8.3800058364868,0
10300704,025391f6de955621,1517254150307,42.09319577,-75.97508223,166.69999694824,11.292142868042,0
10300744,025391f6de955621,1517254155899,42.09267757,-75.97489833,164.10000610352,12.1847448349,0
10300784,025391f6de955621,1517254161521,42.0920507,-75.97459173,155.60000610352,12.635715484619,0
10300824,025391f6de955621,1517254167041,42.09155924,-75.97423097,146.89999389648,12.090004920959,0
10300864,025391f6de955621,1517254172658,42.09105112,-75.97372537,137.39999389648,11.140879631042,0
10300904,025391f6de955621,1517254178272,42.09071097,-75.97326328,130.5,6.5930342674255,0
10300944,025391f6de955621,1517254183837,42.09054962,-75.97299275,127.5,4.9306488037109,0
10300984,025391f6de955621,1517254189459,42.09047685,-75.97287897,127.90000152588,1.8521879911423,0
10301024,025391f6de955621,1517254195754,42.09026845,-75.97288421,202.5,6.0523881912231,0
10301064,025391f6de955621,1517254201258,42.08981732,-75.9731033,195.39999389648,10.101584434509,0
10301104,025391f6de955621,1517254207313,42.08934093,-75.97317528,181.80000305176,6.8032422065735,0
10301144,025391f6de955621,1517254212889,42.08911247,-75.97316284,177.39999389648,4.8512473106384,0
10301184,025391f6de955621,1517254218453,42.08875972,-75.97311622,170.69999694824,7.9211421012878,0
10301224,025391f6de955621,1517254224043,42.08841182,-75.97297508,154,8.3303117752075,0
10301264,025391f6de955621,1517254229647,42.0880584,-75.97260351,135.5,7.8147554397583,0
10301304,025391f6de955621,1517254235266,42.08776213,-75.972155,126.90000152588,7.8214383125305,0
10301344,025391f6de955621,1517254240875,42.08762378,-75.9718712,119.80000305176,4.3450779914856,0
10301384,025391f6de955621,1517254246435,42.08752153,-75.9716123,115.90000152588,5.6302223205566,0
10301424,025391f6de955621,1517254252046,42.08739431,-75.97126073,113.80000305176,6.2800002098083,0
10301464,025391f6de955621,1517254257610,42.08727206,-75.97088375,112.19999694824,5.2530846595764,0
10301504,025391f6de955621,1517254263213,42.08718395,-75.97052002,107.19999694824,5.1400876045227,0
10301544,025391f6de955621,1517254268829,42.0871013,-75.97013454,105.09999847412,8.2413654327393,0
10301584,025391f6de955621,1517254274380,42.08698799,-75.96946771,100.69999694824,9.69167137146,0
10301624,025391f6de955621,1517254280009,42.08691733,-75.96890561,98.199996948242,8.8224992752075,0
10301664,025391f6de955621,1517254285598,42.08687956,-75.96839817,94.099998474121,5.1211814880371,0
10301704,025391f6de955621,1517254291200,42.08685192,-75.96815637,117.09999847412,3.0213406085968,0
10301744,025391f6de955621,1517254296794,42.08670002,-75.96801721,136.80000305176,4.5235605239868,0
10301784,025391f6de955621,1517254302416,42.08666873,-75.96760194,89.900001525879,6.1002950668335,0
10301824,025391f6de955621,1517254308035,42.08666981,-75.96724869,87.300003051758,5.4188742637634,0
10301864,025391f6de955621,1517254313637,42.08668325,-75.96686097,84.699996948242,4.7015314102173,0
10301904,025391f6de955621,1517254319169,42.08677596,-75.96668907,20.5,0.47095647454262,0
10301944,025391f6de955621,1517254324760,42.0868674,-75.96677217,318.39999389648,3.4009411334991,0
10301984,025391f6de955621,1517254330358,42.08694042,-75.96701104,278.39999389648,3.3633465766907,0
10302024,025391f6de955621,1517254335968,42.08695022,-75.96715969,267.29998779297,2.1305868625641,0
10302064,025391f6de955621,1517254341536,42.08694183,-75.96719759,0,0,0
10302104,025391f6de955621,1517254347118,42.08693669,-75.96720727,0,0.03999999910593,0
10302144,025391f6de955621,1517254352738,42.08693512,-75.96719862,0,0.18999999761581,0
10302184,025391f6de955621,1517254358336,42.08693606,-75.96720115,0,0.20000000298023,0
10302224,025391f6de955621,1517254363929,42.0869358,-75.96719286,0,0.17000000178814,0
10302264,025391f6de955621,1517254369503,42.08693242,-75.96719955,0,0.15000000596046,0
10302304,025391f6de955621,1517254375113,42.08692905,-75.96720654,0,0.12999999523163,0
10302344,025391f6de955621,1517254380697,42.08692896,-75.9672135,0,0.079999998211861,0
10302384,025391f6de955621,1517254386303,42.08692956,-75.96720838,257.70001220703,0.21931712329388,0
10302424,025391f6de955621,1517254391917,42.08692503,-75.96720103,257.39999389648,0.21213203668594,0
10302464,025391f6de955621,1517254397399,42.08692789,-75.96721148,0,0.15000000596046,0
10302504,025391f6de955621,1517254403005,42.08692776,-75.96721018,0,0.20999999344349,0
10302544,025391f6de955621,1517254408588,42.08692796,-75.96721213,0,0.15000000596046,0
10302584,025391f6de955621,1517254414207,42.0869303,-75.96723135,256.10000610352,0.36345562338829,0
10302624,025391f6de955621,1517254419825,42.08692979,-75.96724344,255.89999389648,0.30610457062721,0
10302664,025391f6de955621,1517254425425,42.08694077,-75.96723048,0,0.18999999761581,0
10302704,025391f6de955621,1517254431059,42.08694754,-75.96723252,0,0.11999999731779,0
10302744,025391f6de955621,1517254436665,42.0869558,-75.9672329,0,0.18000000715256,0
10302884,025391f6de955621,1517254442239,42.08694951,-75.96724275,0,0,0
10302924,025391f6de955621,1517254447838,42.08695007,-75.9672495,0,0,0
10302964,025391f6de955621,1517254453462,42.08694536,-75.96724799,0,0,0
10303004,025391f6de955621,1517254459023,42.08694301,-75.96724523,0,0,0
10303044,025391f6de955621,1517254464653,42.08693867,-75.96728712,255.10000610352,0.55000001192093,0
10303084,025391f6de955621,1517254470276,42.08691855,-75.96736833,248.39999389648,3.7106602191925,0
10303124,025391f6de955621,1517254475795,42.0868841,-75.96771159,275.29998779297,7.3402457237244,0
10303164,025391f6de955621,1517254481385,42.08689845,-75.96832384,273.20001220703,9.0006723403931,0
10303204,025391f6de955621,1517254487002,42.08693947,-75.96885674,277.20001220703,8.4628601074219,0
10303244,025391f6de955621,1517254492586,42.08702786,-75.96949694,281.39999389648,9.3406476974487,0
10303284,025391f6de955621,1517254498202,42.08713452,-75.97012001,284.79998779297,8.5400943756104,0
10303324,025391f6de955621,1517254503800,42.08723506,-75.97060518,288.79998779297,7.7031421661377,0
